group	word	audiofile	totalviols	backviols	nasalviols	
A	popo	popo.wav	0	0	0	
A	potu	potu.wav	0	0	0	
A	pupo	pupo.wav	0	0	0	
A	putu	putu.wav	0	0	0	
A	pipi	pipi.wav	0	0	0	
A	pite	pite.wav	0	0	0	
A	pepi	pepi.wav	0	0	0	
A	pete	pete.wav	0	0	0	
A	topu	topu.wav	0	0	0	
A	toto	toto.wav	0	0	0	
A	tupu	tupu.wav	0	0	0	
A	tuto	tuto.wav	0	0	0	
A	tipe	tipe.wav	0	0	0	
A	titi	titi.wav	0	0	0	
A	tepe	tepe.wav	0	0	0	
A	teti	teti.wav	0	0	0	
A	nono	nono.wav	0	0	0	
A	nomu	nomu.wav	0	0	0	
A	nuno	nuno.wav	0	0	0	
A	numu	numu.wav	0	0	0	
A	nini	nini.wav	0	0	0	
A	nime	nime.wav	0	0	0	
A	neni	neni.wav	0	0	0	
A	neme	neme.wav	0	0	0	
A	monu	monu.wav	0	0	0	
A	momo	momo.wav	0	0	0	
A	munu	munu.wav	0	0	0	
A	mumo	mumo.wav	0	0	0	
A	mine	mine.wav	0	0	0	
A	mimi	mimi.wav	0	0	0	
A	mene	mene.wav	0	0	0	
A	memi	memi.wav	0	0	0	
A	popo	popo.wav	0	0	0	
A	potu	potu.wav	0	0	0	
A	pupo	pupo.wav	0	0	0	
A	putu	putu.wav	0	0	0	
A	pipi	pipi.wav	0	0	0	
A	pite	pite.wav	0	0	0	
A	pepi	pepi.wav	0	0	0	
A	pete	pete.wav	0	0	0	
A	topu	topu.wav	0	0	0	
A	toto	toto.wav	0	0	0	
A	tupu	tupu.wav	0	0	0	
A	tuto	tuto.wav	0	0	0	
A	tipe	tipe.wav	0	0	0	
A	titi	titi.wav	0	0	0	
A	tepe	tepe.wav	0	0	0	
A	teti	teti.wav	0	0	0	
A	nono	nono.wav	0	0	0	
A	nomu	nomu.wav	0	0	0	
A	nuno	nuno.wav	0	0	0	
A	numu	numu.wav	0	0	0	
A	nini	nini.wav	0	0	0	
A	nime	nime.wav	0	0	0	
A	neni	neni.wav	0	0	0	
A	neme	neme.wav	0	0	0	
A	monu	monu.wav	0	0	0	
A	momo	momo.wav	0	0	0	
A	munu	munu.wav	0	0	0	
A	mumo	mumo.wav	0	0	0	
A	mine	mine.wav	0	0	0	
A	mimi	mimi.wav	0	0	0	
A	mene	mene.wav	0	0	0	
A	memi	memi.wav	0	0	0	
A	popo	popo.wav	0	0	0	
A	potu	potu.wav	0	0	0	
A	pupo	pupo.wav	0	0	0	
A	putu	putu.wav	0	0	0	
A	pipi	pipi.wav	0	0	0	
A	pite	pite.wav	0	0	0	
A	pepi	pepi.wav	0	0	0	
A	pete	pete.wav	0	0	0	
A	topu	topu.wav	0	0	0	
A	toto	toto.wav	0	0	0	
A	tupu	tupu.wav	0	0	0	
A	tuto	tuto.wav	0	0	0	
A	tipe	tipe.wav	0	0	0	
A	titi	titi.wav	0	0	0	
A	tepe	tepe.wav	0	0	0	
A	teti	teti.wav	0	0	0	
A	nono	nono.wav	0	0	0	
A	nomu	nomu.wav	0	0	0	
A	nuno	nuno.wav	0	0	0	
A	numu	numu.wav	0	0	0	
A	nini	nini.wav	0	0	0	
A	nime	nime.wav	0	0	0	
A	neni	neni.wav	0	0	0	
A	neme	neme.wav	0	0	0	
A	monu	monu.wav	0	0	0	
A	momo	momo.wav	0	0	0	
A	munu	munu.wav	0	0	0	
A	mumo	mumo.wav	0	0	0	
A	mine	mine.wav	0	0	0	
A	mimi	mimi.wav	0	0	0	
A	mene	mene.wav	0	0	0	
A	memi	memi.wav	0	0	0	
A	popo	popo.wav	0	0	0	
A	potu	potu.wav	0	0	0	
A	pupo	pupo.wav	0	0	0	
A	putu	putu.wav	0	0	0	
A	pipi	pipi.wav	0	0	0	
A	pite	pite.wav	0	0	0	
A	pepi	pepi.wav	0	0	0	
A	pete	pete.wav	0	0	0	
A	topu	topu.wav	0	0	0	
A	toto	toto.wav	0	0	0	
A	tupu	tupu.wav	0	0	0	
A	tuto	tuto.wav	0	0	0	
A	tipe	tipe.wav	0	0	0	
A	titi	titi.wav	0	0	0	
A	tepe	tepe.wav	0	0	0	
A	teti	teti.wav	0	0	0	
A	nono	nono.wav	0	0	0	
A	nomu	nomu.wav	0	0	0	
A	nuno	nuno.wav	0	0	0	
A	numu	numu.wav	0	0	0	
A	nini	nini.wav	0	0	0	
A	nime	nime.wav	0	0	0	
A	neni	neni.wav	0	0	0	
A	neme	neme.wav	0	0	0	
A	monu	monu.wav	0	0	0	
A	momo	momo.wav	0	0	0	
A	munu	munu.wav	0	0	0	
A	mumo	mumo.wav	0	0	0	
A	mine	mine.wav	0	0	0	
A	mimi	mimi.wav	0	0	0	
A	mene	mene.wav	0	0	0	
A	memi	memi.wav	0	0	0	
A	popo	popo.wav	0	0	0	
A	potu	potu.wav	0	0	0	
A	pupo	pupo.wav	0	0	0	
A	putu	putu.wav	0	0	0	
A	pipi	pipi.wav	0	0	0	
A	pite	pite.wav	0	0	0	
A	pepi	pepi.wav	0	0	0	
A	pete	pete.wav	0	0	0	
A	topu	topu.wav	0	0	0	
A	toto	toto.wav	0	0	0	
A	tupu	tupu.wav	0	0	0	
A	tuto	tuto.wav	0	0	0	
A	tipe	tipe.wav	0	0	0	
A	titi	titi.wav	0	0	0	
A	tepe	tepe.wav	0	0	0	
A	teti	teti.wav	0	0	0	
A	nono	nono.wav	0	0	0	
A	nomu	nomu.wav	0	0	0	
A	nuno	nuno.wav	0	0	0	
A	numu	numu.wav	0	0	0	
A	nini	nini.wav	0	0	0	
A	nime	nime.wav	0	0	0	
A	neni	neni.wav	0	0	0	
A	neme	neme.wav	0	0	0	
A	monu	monu.wav	0	0	0	
A	momo	momo.wav	0	0	0	
A	munu	munu.wav	0	0	0	
A	mumo	mumo.wav	0	0	0	
A	mine	mine.wav	0	0	0	
A	mimi	mimi.wav	0	0	0	
A	mene	mene.wav	0	0	0	
A	memi	memi.wav	0	0	0	
A	popo	popo.wav	0	0	0	
A	potu	potu.wav	0	0	0	
A	pupo	pupo.wav	0	0	0	
A	putu	putu.wav	0	0	0	
A	pipi	pipi.wav	0	0	0	
A	pite	pite.wav	0	0	0	
A	pepi	pepi.wav	0	0	0	
A	pete	pete.wav	0	0	0	
A	topu	topu.wav	0	0	0	
A	toto	toto.wav	0	0	0	
A	tupu	tupu.wav	0	0	0	
A	tuto	tuto.wav	0	0	0	
A	tipe	tipe.wav	0	0	0	
A	titi	titi.wav	0	0	0	
A	tepe	tepe.wav	0	0	0	
A	teti	teti.wav	0	0	0	
A	nono	nono.wav	0	0	0	
A	nomu	nomu.wav	0	0	0	
A	nuno	nuno.wav	0	0	0	
A	numu	numu.wav	0	0	0	
A	nini	nini.wav	0	0	0	
A	nime	nime.wav	0	0	0	
A	neni	neni.wav	0	0	0	
A	neme	neme.wav	0	0	0	
A	monu	monu.wav	0	0	0	
A	momo	momo.wav	0	0	0	
A	munu	munu.wav	0	0	0	
A	mumo	mumo.wav	0	0	0	
A	mine	mine.wav	0	0	0	
A	mimi	mimi.wav	0	0	0	
A	mene	mene.wav	0	0	0	
A	memi	memi.wav	0	0	0	
A	popo	popo.wav	0	0	0	
A	potu	potu.wav	0	0	0	
A	pupo	pupo.wav	0	0	0	
A	putu	putu.wav	0	0	0	
A	pipi	pipi.wav	0	0	0	
A	pite	pite.wav	0	0	0	
A	pepi	pepi.wav	0	0	0	
A	pete	pete.wav	0	0	0	
A	topu	topu.wav	0	0	0	
A	toto	toto.wav	0	0	0	
A	tupu	tupu.wav	0	0	0	
A	tuto	tuto.wav	0	0	0	
A	tipe	tipe.wav	0	0	0	
A	titi	titi.wav	0	0	0	
A	tepe	tepe.wav	0	0	0	
A	teti	teti.wav	0	0	0	
A	nono	nono.wav	0	0	0	
A	nomu	nomu.wav	0	0	0	
A	nuno	nuno.wav	0	0	0	
A	numu	numu.wav	0	0	0	
A	nini	nini.wav	0	0	0	
A	nime	nime.wav	0	0	0	
A	neni	neni.wav	0	0	0	
A	neme	neme.wav	0	0	0	
A	monu	monu.wav	0	0	0	
A	momo	momo.wav	0	0	0	
A	munu	munu.wav	0	0	0	
A	mumo	mumo.wav	0	0	0	
A	mine	mine.wav	0	0	0	
A	mimi	mimi.wav	0	0	0	
A	mene	mene.wav	0	0	0	
A	memi	memi.wav	0	0	0	
A	popo	popo.wav	0	0	0	
A	potu	potu.wav	0	0	0	
A	pupo	pupo.wav	0	0	0	
A	putu	putu.wav	0	0	0	
A	pipi	pipi.wav	0	0	0	
A	pite	pite.wav	0	0	0	
A	pepi	pepi.wav	0	0	0	
A	pete	pete.wav	0	0	0	
A	topu	topu.wav	0	0	0	
A	toto	toto.wav	0	0	0	
A	tupu	tupu.wav	0	0	0	
A	tuto	tuto.wav	0	0	0	
A	tipe	tipe.wav	0	0	0	
A	titi	titi.wav	0	0	0	
A	tepe	tepe.wav	0	0	0	
A	teti	teti.wav	0	0	0	
A	nono	nono.wav	0	0	0	
A	nomu	nomu.wav	0	0	0	
A	nuno	nuno.wav	0	0	0	
A	numu	numu.wav	0	0	0	
A	nini	nini.wav	0	0	0	
A	nime	nime.wav	0	0	0	
A	neni	neni.wav	0	0	0	
A	neme	neme.wav	0	0	0	
A	monu	monu.wav	0	0	0	
A	momo	momo.wav	0	0	0	
A	munu	munu.wav	0	0	0	
A	mumo	mumo.wav	0	0	0	
A	mine	mine.wav	0	0	0	
A	mimi	mimi.wav	0	0	0	
A	mene	mene.wav	0	0	0	
A	memi	memi.wav	0	0	0	
A	popo	popo.wav	0	0	0	
A	potu	potu.wav	0	0	0	
A	pupo	pupo.wav	0	0	0	
A	putu	putu.wav	0	0	0	
A	pipi	pipi.wav	0	0	0	
A	pite	pite.wav	0	0	0	
A	pepi	pepi.wav	0	0	0	
A	pete	pete.wav	0	0	0	
A	topu	topu.wav	0	0	0	
A	toto	toto.wav	0	0	0	
A	tupu	tupu.wav	0	0	0	
A	tuto	tuto.wav	0	0	0	
A	tipe	tipe.wav	0	0	0	
A	titi	titi.wav	0	0	0	
A	tepe	tepe.wav	0	0	0	
A	teti	teti.wav	0	0	0	
A	nono	nono.wav	0	0	0	
A	nomu	nomu.wav	0	0	0	
A	nuno	nuno.wav	0	0	0	
A	numu	numu.wav	0	0	0	
A	nini	nini.wav	0	0	0	
A	nime	nime.wav	0	0	0	
A	neni	neni.wav	0	0	0	
A	neme	neme.wav	0	0	0	
A	monu	monu.wav	0	0	0	
A	momo	momo.wav	0	0	0	
A	munu	munu.wav	0	0	0	
A	mumo	mumo.wav	0	0	0	
A	mine	mine.wav	0	0	0	
A	mimi	mimi.wav	0	0	0	
A	mene	mene.wav	0	0	0	
A	memi	memi.wav	0	0	0	
B	popo	popo.wav	0	0	0	
B	potu	potu.wav	0	0	0	
B	putu	putu.wav	0	0	0	
B	pipi	pipi.wav	0	0	0	
B	pite	pite.wav	0	0	0	
B	pepi	pepi.wav	0	0	0	
B	topu	topu.wav	0	0	0	
B	tupu	tupu.wav	0	0	0	
B	tuto	tuto.wav	0	0	0	
B	tipe	tipe.wav	0	0	0	
B	titi	titi.wav	0	0	0	
B	tepe	tepe.wav	0	0	0	
B	teti	teti.wav	0	0	0	
B	nono	nono.wav	0	0	0	
B	nomu	nomu.wav	0	0	0	
B	nuno	nuno.wav	0	0	0	
B	numu	numu.wav	0	0	0	
B	nime	nime.wav	0	0	0	
B	neni	neni.wav	0	0	0	
B	neme	neme.wav	0	0	0	
B	monu	monu.wav	0	0	0	
B	momo	momo.wav	0	0	0	
B	munu	munu.wav	0	0	0	
B	mumo	mumo.wav	0	0	0	
B	mine	mine.wav	0	0	0	
B	mimi	mimi.wav	0	0	0	
B	mene	mene.wav	0	0	0	
B	memi	memi.wav	0	0	0	
B	peto	peto.wav	1	1	0	
B	tote	tote.wav	1	1	0	
B	pini	pini.wav	1	0	1	
B	mupo	mupo.wav	1	0	1	
B	popo	popo.wav	0	0	0	
B	potu	potu.wav	0	0	0	
B	putu	putu.wav	0	0	0	
B	pipi	pipi.wav	0	0	0	
B	pite	pite.wav	0	0	0	
B	pepi	pepi.wav	0	0	0	
B	topu	topu.wav	0	0	0	
B	tupu	tupu.wav	0	0	0	
B	tuto	tuto.wav	0	0	0	
B	tipe	tipe.wav	0	0	0	
B	titi	titi.wav	0	0	0	
B	tepe	tepe.wav	0	0	0	
B	teti	teti.wav	0	0	0	
B	nono	nono.wav	0	0	0	
B	nomu	nomu.wav	0	0	0	
B	nuno	nuno.wav	0	0	0	
B	numu	numu.wav	0	0	0	
B	nime	nime.wav	0	0	0	
B	neni	neni.wav	0	0	0	
B	neme	neme.wav	0	0	0	
B	monu	monu.wav	0	0	0	
B	momo	momo.wav	0	0	0	
B	munu	munu.wav	0	0	0	
B	mumo	mumo.wav	0	0	0	
B	mine	mine.wav	0	0	0	
B	mimi	mimi.wav	0	0	0	
B	mene	mene.wav	0	0	0	
B	memi	memi.wav	0	0	0	
B	peto	peto.wav	1	1	0	
B	tote	tote.wav	1	1	0	
B	pini	pini.wav	1	0	1	
B	mupo	mupo.wav	1	0	1	
B	popo	popo.wav	0	0	0	
B	potu	potu.wav	0	0	0	
B	putu	putu.wav	0	0	0	
B	pipi	pipi.wav	0	0	0	
B	pite	pite.wav	0	0	0	
B	pepi	pepi.wav	0	0	0	
B	topu	topu.wav	0	0	0	
B	tupu	tupu.wav	0	0	0	
B	tuto	tuto.wav	0	0	0	
B	tipe	tipe.wav	0	0	0	
B	titi	titi.wav	0	0	0	
B	tepe	tepe.wav	0	0	0	
B	teti	teti.wav	0	0	0	
B	nono	nono.wav	0	0	0	
B	nomu	nomu.wav	0	0	0	
B	nuno	nuno.wav	0	0	0	
B	numu	numu.wav	0	0	0	
B	nime	nime.wav	0	0	0	
B	neni	neni.wav	0	0	0	
B	neme	neme.wav	0	0	0	
B	monu	monu.wav	0	0	0	
B	momo	momo.wav	0	0	0	
B	munu	munu.wav	0	0	0	
B	mumo	mumo.wav	0	0	0	
B	mine	mine.wav	0	0	0	
B	mimi	mimi.wav	0	0	0	
B	mene	mene.wav	0	0	0	
B	memi	memi.wav	0	0	0	
B	peto	peto.wav	1	1	0	
B	tote	tote.wav	1	1	0	
B	pini	pini.wav	1	0	1	
B	mupo	mupo.wav	1	0	1	
B	popo	popo.wav	0	0	0	
B	potu	potu.wav	0	0	0	
B	putu	putu.wav	0	0	0	
B	pipi	pipi.wav	0	0	0	
B	pite	pite.wav	0	0	0	
B	pepi	pepi.wav	0	0	0	
B	topu	topu.wav	0	0	0	
B	tupu	tupu.wav	0	0	0	
B	tuto	tuto.wav	0	0	0	
B	tipe	tipe.wav	0	0	0	
B	titi	titi.wav	0	0	0	
B	tepe	tepe.wav	0	0	0	
B	teti	teti.wav	0	0	0	
B	nono	nono.wav	0	0	0	
B	nomu	nomu.wav	0	0	0	
B	nuno	nuno.wav	0	0	0	
B	numu	numu.wav	0	0	0	
B	nime	nime.wav	0	0	0	
B	neni	neni.wav	0	0	0	
B	neme	neme.wav	0	0	0	
B	monu	monu.wav	0	0	0	
B	momo	momo.wav	0	0	0	
B	munu	munu.wav	0	0	0	
B	mumo	mumo.wav	0	0	0	
B	mine	mine.wav	0	0	0	
B	mimi	mimi.wav	0	0	0	
B	mene	mene.wav	0	0	0	
B	memi	memi.wav	0	0	0	
B	peto	peto.wav	1	1	0	
B	tote	tote.wav	1	1	0	
B	pini	pini.wav	1	0	1	
B	mupo	mupo.wav	1	0	1	
B	popo	popo.wav	0	0	0	
B	potu	potu.wav	0	0	0	
B	putu	putu.wav	0	0	0	
B	pipi	pipi.wav	0	0	0	
B	pite	pite.wav	0	0	0	
B	pepi	pepi.wav	0	0	0	
B	topu	topu.wav	0	0	0	
B	tupu	tupu.wav	0	0	0	
B	tuto	tuto.wav	0	0	0	
B	tipe	tipe.wav	0	0	0	
B	titi	titi.wav	0	0	0	
B	tepe	tepe.wav	0	0	0	
B	teti	teti.wav	0	0	0	
B	nono	nono.wav	0	0	0	
B	nomu	nomu.wav	0	0	0	
B	nuno	nuno.wav	0	0	0	
B	numu	numu.wav	0	0	0	
B	nime	nime.wav	0	0	0	
B	neni	neni.wav	0	0	0	
B	neme	neme.wav	0	0	0	
B	monu	monu.wav	0	0	0	
B	momo	momo.wav	0	0	0	
B	munu	munu.wav	0	0	0	
B	mumo	mumo.wav	0	0	0	
B	mine	mine.wav	0	0	0	
B	mimi	mimi.wav	0	0	0	
B	mene	mene.wav	0	0	0	
B	memi	memi.wav	0	0	0	
B	peto	peto.wav	1	1	0	
B	tote	tote.wav	1	1	0	
B	pini	pini.wav	1	0	1	
B	mupo	mupo.wav	1	0	1	
B	popo	popo.wav	0	0	0	
B	potu	potu.wav	0	0	0	
B	putu	putu.wav	0	0	0	
B	pipi	pipi.wav	0	0	0	
B	pite	pite.wav	0	0	0	
B	pepi	pepi.wav	0	0	0	
B	topu	topu.wav	0	0	0	
B	tupu	tupu.wav	0	0	0	
B	tuto	tuto.wav	0	0	0	
B	tipe	tipe.wav	0	0	0	
B	titi	titi.wav	0	0	0	
B	tepe	tepe.wav	0	0	0	
B	teti	teti.wav	0	0	0	
B	nono	nono.wav	0	0	0	
B	nomu	nomu.wav	0	0	0	
B	nuno	nuno.wav	0	0	0	
B	numu	numu.wav	0	0	0	
B	nime	nime.wav	0	0	0	
B	neni	neni.wav	0	0	0	
B	neme	neme.wav	0	0	0	
B	monu	monu.wav	0	0	0	
B	momo	momo.wav	0	0	0	
B	munu	munu.wav	0	0	0	
B	mumo	mumo.wav	0	0	0	
B	mine	mine.wav	0	0	0	
B	mimi	mimi.wav	0	0	0	
B	mene	mene.wav	0	0	0	
B	memi	memi.wav	0	0	0	
B	peto	peto.wav	1	1	0	
B	tote	tote.wav	1	1	0	
B	pini	pini.wav	1	0	1	
B	mupo	mupo.wav	1	0	1	
B	popo	popo.wav	0	0	0	
B	potu	potu.wav	0	0	0	
B	putu	putu.wav	0	0	0	
B	pipi	pipi.wav	0	0	0	
B	pite	pite.wav	0	0	0	
B	pepi	pepi.wav	0	0	0	
B	topu	topu.wav	0	0	0	
B	tupu	tupu.wav	0	0	0	
B	tuto	tuto.wav	0	0	0	
B	tipe	tipe.wav	0	0	0	
B	titi	titi.wav	0	0	0	
B	tepe	tepe.wav	0	0	0	
B	teti	teti.wav	0	0	0	
B	nono	nono.wav	0	0	0	
B	nomu	nomu.wav	0	0	0	
B	nuno	nuno.wav	0	0	0	
B	numu	numu.wav	0	0	0	
B	nime	nime.wav	0	0	0	
B	neni	neni.wav	0	0	0	
B	neme	neme.wav	0	0	0	
B	monu	monu.wav	0	0	0	
B	momo	momo.wav	0	0	0	
B	munu	munu.wav	0	0	0	
B	mumo	mumo.wav	0	0	0	
B	mine	mine.wav	0	0	0	
B	mimi	mimi.wav	0	0	0	
B	mene	mene.wav	0	0	0	
B	memi	memi.wav	0	0	0	
B	peto	peto.wav	1	1	0	
B	tote	tote.wav	1	1	0	
B	pini	pini.wav	1	0	1	
B	mupo	mupo.wav	1	0	1	
B	popo	popo.wav	0	0	0	
B	potu	potu.wav	0	0	0	
B	putu	putu.wav	0	0	0	
B	pipi	pipi.wav	0	0	0	
B	pite	pite.wav	0	0	0	
B	pepi	pepi.wav	0	0	0	
B	topu	topu.wav	0	0	0	
B	tupu	tupu.wav	0	0	0	
B	tuto	tuto.wav	0	0	0	
B	tipe	tipe.wav	0	0	0	
B	titi	titi.wav	0	0	0	
B	tepe	tepe.wav	0	0	0	
B	teti	teti.wav	0	0	0	
B	nono	nono.wav	0	0	0	
B	nomu	nomu.wav	0	0	0	
B	nuno	nuno.wav	0	0	0	
B	numu	numu.wav	0	0	0	
B	nime	nime.wav	0	0	0	
B	neni	neni.wav	0	0	0	
B	neme	neme.wav	0	0	0	
B	monu	monu.wav	0	0	0	
B	momo	momo.wav	0	0	0	
B	munu	munu.wav	0	0	0	
B	mumo	mumo.wav	0	0	0	
B	mine	mine.wav	0	0	0	
B	mimi	mimi.wav	0	0	0	
B	mene	mene.wav	0	0	0	
B	memi	memi.wav	0	0	0	
B	peto	peto.wav	1	1	0	
B	tote	tote.wav	1	1	0	
B	pini	pini.wav	1	0	1	
B	mupo	mupo.wav	1	0	1	
B	popo	popo.wav	0	0	0	
B	potu	potu.wav	0	0	0	
B	putu	putu.wav	0	0	0	
B	pipi	pipi.wav	0	0	0	
B	pite	pite.wav	0	0	0	
B	pepi	pepi.wav	0	0	0	
B	topu	topu.wav	0	0	0	
B	tupu	tupu.wav	0	0	0	
B	tuto	tuto.wav	0	0	0	
B	tipe	tipe.wav	0	0	0	
B	titi	titi.wav	0	0	0	
B	tepe	tepe.wav	0	0	0	
B	teti	teti.wav	0	0	0	
B	nono	nono.wav	0	0	0	
B	nomu	nomu.wav	0	0	0	
B	nuno	nuno.wav	0	0	0	
B	numu	numu.wav	0	0	0	
B	nime	nime.wav	0	0	0	
B	neni	neni.wav	0	0	0	
B	neme	neme.wav	0	0	0	
B	monu	monu.wav	0	0	0	
B	momo	momo.wav	0	0	0	
B	munu	munu.wav	0	0	0	
B	mumo	mumo.wav	0	0	0	
B	mine	mine.wav	0	0	0	
B	mimi	mimi.wav	0	0	0	
B	mene	mene.wav	0	0	0	
B	memi	memi.wav	0	0	0	
B	peto	peto.wav	1	1	0	
B	tote	tote.wav	1	1	0	
B	pini	pini.wav	1	0	1	
B	mupo	mupo.wav	1	0	1	
C	popo	popo.wav	0	0	0	
C	potu	potu.wav	0	0	0	
C	pupo	pupo.wav	0	0	0	
C	pipi	pipi.wav	0	0	0	
C	pite	pite.wav	0	0	0	
C	pete	pete.wav	0	0	0	
C	topu	topu.wav	0	0	0	
C	tupu	tupu.wav	0	0	0	
C	tuto	tuto.wav	0	0	0	
C	titi	titi.wav	0	0	0	
C	tepe	tepe.wav	0	0	0	
C	teti	teti.wav	0	0	0	
C	nono	nono.wav	0	0	0	
C	nomu	nomu.wav	0	0	0	
C	nuno	nuno.wav	0	0	0	
C	numu	numu.wav	0	0	0	
C	nime	nime.wav	0	0	0	
C	neni	neni.wav	0	0	0	
C	momo	momo.wav	0	0	0	
C	munu	munu.wav	0	0	0	
C	mine	mine.wav	0	0	0	
C	mimi	mimi.wav	0	0	0	
C	mene	mene.wav	0	0	0	
C	memi	memi.wav	0	0	0	
C	ninu	ninu.wav	1	1	0	
C	nemo	nemo.wav	1	1	0	
C	moni	moni.wav	1	1	0	
C	mume	mume.wav	1	1	0	
C	noto	noto.wav	1	0	1	
C	nipe	nipe.wav	1	0	1	
C	mutu	mutu.wav	1	0	1	
C	mepi	mepi.wav	1	0	1	
C	popo	popo.wav	0	0	0	
C	potu	potu.wav	0	0	0	
C	pupo	pupo.wav	0	0	0	
C	pipi	pipi.wav	0	0	0	
C	pite	pite.wav	0	0	0	
C	pete	pete.wav	0	0	0	
C	topu	topu.wav	0	0	0	
C	tupu	tupu.wav	0	0	0	
C	tuto	tuto.wav	0	0	0	
C	titi	titi.wav	0	0	0	
C	tepe	tepe.wav	0	0	0	
C	teti	teti.wav	0	0	0	
C	nono	nono.wav	0	0	0	
C	nomu	nomu.wav	0	0	0	
C	nuno	nuno.wav	0	0	0	
C	numu	numu.wav	0	0	0	
C	nime	nime.wav	0	0	0	
C	neni	neni.wav	0	0	0	
C	momo	momo.wav	0	0	0	
C	munu	munu.wav	0	0	0	
C	mine	mine.wav	0	0	0	
C	mimi	mimi.wav	0	0	0	
C	mene	mene.wav	0	0	0	
C	memi	memi.wav	0	0	0	
C	ninu	ninu.wav	1	1	0	
C	nemo	nemo.wav	1	1	0	
C	moni	moni.wav	1	1	0	
C	mume	mume.wav	1	1	0	
C	noto	noto.wav	1	0	1	
C	nipe	nipe.wav	1	0	1	
C	mutu	mutu.wav	1	0	1	
C	mepi	mepi.wav	1	0	1	
C	popo	popo.wav	0	0	0	
C	potu	potu.wav	0	0	0	
C	pupo	pupo.wav	0	0	0	
C	pipi	pipi.wav	0	0	0	
C	pite	pite.wav	0	0	0	
C	pete	pete.wav	0	0	0	
C	topu	topu.wav	0	0	0	
C	tupu	tupu.wav	0	0	0	
C	tuto	tuto.wav	0	0	0	
C	titi	titi.wav	0	0	0	
C	tepe	tepe.wav	0	0	0	
C	teti	teti.wav	0	0	0	
C	nono	nono.wav	0	0	0	
C	nomu	nomu.wav	0	0	0	
C	nuno	nuno.wav	0	0	0	
C	numu	numu.wav	0	0	0	
C	nime	nime.wav	0	0	0	
C	neni	neni.wav	0	0	0	
C	momo	momo.wav	0	0	0	
C	munu	munu.wav	0	0	0	
C	mine	mine.wav	0	0	0	
C	mimi	mimi.wav	0	0	0	
C	mene	mene.wav	0	0	0	
C	memi	memi.wav	0	0	0	
C	ninu	ninu.wav	1	1	0	
C	nemo	nemo.wav	1	1	0	
C	moni	moni.wav	1	1	0	
C	mume	mume.wav	1	1	0	
C	noto	noto.wav	1	0	1	
C	nipe	nipe.wav	1	0	1	
C	mutu	mutu.wav	1	0	1	
C	popo	popo.wav	0	0	0	
C	potu	potu.wav	0	0	0	
C	pupo	pupo.wav	0	0	0	
C	pipi	pipi.wav	0	0	0	
C	pite	pite.wav	0	0	0	
C	pete	pete.wav	0	0	0	
C	topu	topu.wav	0	0	0	
C	tupu	tupu.wav	0	0	0	
C	tuto	tuto.wav	0	0	0	
C	titi	titi.wav	0	0	0	
C	tepe	tepe.wav	0	0	0	
C	teti	teti.wav	0	0	0	
C	nono	nono.wav	0	0	0	
C	nomu	nomu.wav	0	0	0	
C	nuno	nuno.wav	0	0	0	
C	numu	numu.wav	0	0	0	
C	nime	nime.wav	0	0	0	
C	neni	neni.wav	0	0	0	
C	momo	momo.wav	0	0	0	
C	munu	munu.wav	0	0	0	
C	mine	mine.wav	0	0	0	
C	mimi	mimi.wav	0	0	0	
C	mene	mene.wav	0	0	0	
C	memi	memi.wav	0	0	0	
C	ninu	ninu.wav	1	1	0	
C	nemo	nemo.wav	1	1	0	
C	moni	moni.wav	1	1	0	
C	mume	mume.wav	1	1	0	
C	noto	noto.wav	1	0	1	
C	nipe	nipe.wav	1	0	1	
C	mutu	mutu.wav	1	0	1	
C	mepi	mepi.wav	1	0	1	
C	mepi	mepi.wav	1	0	1	
C	popo	popo.wav	0	0	0	
C	potu	potu.wav	0	0	0	
C	pupo	pupo.wav	0	0	0	
C	pipi	pipi.wav	0	0	0	
C	pite	pite.wav	0	0	0	
C	pete	pete.wav	0	0	0	
C	topu	topu.wav	0	0	0	
C	tupu	tupu.wav	0	0	0	
C	tuto	tuto.wav	0	0	0	
C	titi	titi.wav	0	0	0	
C	tepe	tepe.wav	0	0	0	
C	teti	teti.wav	0	0	0	
C	nono	nono.wav	0	0	0	
C	nomu	nomu.wav	0	0	0	
C	nuno	nuno.wav	0	0	0	
C	numu	numu.wav	0	0	0	
C	nime	nime.wav	0	0	0	
C	neni	neni.wav	0	0	0	
C	momo	momo.wav	0	0	0	
C	munu	munu.wav	0	0	0	
C	mine	mine.wav	0	0	0	
C	mimi	mimi.wav	0	0	0	
C	mene	mene.wav	0	0	0	
C	memi	memi.wav	0	0	0	
C	ninu	ninu.wav	1	1	0	
C	nemo	nemo.wav	1	1	0	
C	moni	moni.wav	1	1	0	
C	mume	mume.wav	1	1	0	
C	noto	noto.wav	1	0	1	
C	nipe	nipe.wav	1	0	1	
C	mutu	mutu.wav	1	0	1	
C	mepi	mepi.wav	1	0	1	
C	popo	popo.wav	0	0	0	
C	potu	potu.wav	0	0	0	
C	pupo	pupo.wav	0	0	0	
C	pipi	pipi.wav	0	0	0	
C	pite	pite.wav	0	0	0	
C	pete	pete.wav	0	0	0	
C	topu	topu.wav	0	0	0	
C	tupu	tupu.wav	0	0	0	
C	tuto	tuto.wav	0	0	0	
C	titi	titi.wav	0	0	0	
C	tepe	tepe.wav	0	0	0	
C	teti	teti.wav	0	0	0	
C	nono	nono.wav	0	0	0	
C	nomu	nomu.wav	0	0	0	
C	nuno	nuno.wav	0	0	0	
C	numu	numu.wav	0	0	0	
C	nime	nime.wav	0	0	0	
C	neni	neni.wav	0	0	0	
C	momo	momo.wav	0	0	0	
C	munu	munu.wav	0	0	0	
C	mine	mine.wav	0	0	0	
C	mimi	mimi.wav	0	0	0	
C	mene	mene.wav	0	0	0	
C	memi	memi.wav	0	0	0	
C	ninu	ninu.wav	1	1	0	
C	nemo	nemo.wav	1	1	0	
C	moni	moni.wav	1	1	0	
C	mume	mume.wav	1	1	0	
C	noto	noto.wav	1	0	1	
C	nipe	nipe.wav	1	0	1	
C	mutu	mutu.wav	1	0	1	
C	mepi	mepi.wav	1	0	1	
C	popo	popo.wav	0	0	0	
C	potu	potu.wav	0	0	0	
C	pupo	pupo.wav	0	0	0	
C	pipi	pipi.wav	0	0	0	
C	pite	pite.wav	0	0	0	
C	pete	pete.wav	0	0	0	
C	topu	topu.wav	0	0	0	
C	tupu	tupu.wav	0	0	0	
C	tuto	tuto.wav	0	0	0	
C	titi	titi.wav	0	0	0	
C	tepe	tepe.wav	0	0	0	
C	teti	teti.wav	0	0	0	
C	nono	nono.wav	0	0	0	
C	nomu	nomu.wav	0	0	0	
C	nuno	nuno.wav	0	0	0	
C	numu	numu.wav	0	0	0	
C	nime	nime.wav	0	0	0	
C	neni	neni.wav	0	0	0	
C	momo	momo.wav	0	0	0	
C	munu	munu.wav	0	0	0	
C	mine	mine.wav	0	0	0	
C	mimi	mimi.wav	0	0	0	
C	mene	mene.wav	0	0	0	
C	memi	memi.wav	0	0	0	
C	ninu	ninu.wav	1	1	0	
C	nemo	nemo.wav	1	1	0	
C	moni	moni.wav	1	1	0	
C	mume	mume.wav	1	1	0	
C	noto	noto.wav	1	0	1	
C	nipe	nipe.wav	1	0	1	
C	mutu	mutu.wav	1	0	1	
C	mepi	mepi.wav	1	0	1	
C	popo	popo.wav	0	0	0	
C	potu	potu.wav	0	0	0	
C	pupo	pupo.wav	0	0	0	
C	pipi	pipi.wav	0	0	0	
C	pite	pite.wav	0	0	0	
C	pete	pete.wav	0	0	0	
C	topu	topu.wav	0	0	0	
C	tupu	tupu.wav	0	0	0	
C	tuto	tuto.wav	0	0	0	
C	titi	titi.wav	0	0	0	
C	tepe	tepe.wav	0	0	0	
C	teti	teti.wav	0	0	0	
C	nono	nono.wav	0	0	0	
C	nomu	nomu.wav	0	0	0	
C	nuno	nuno.wav	0	0	0	
C	numu	numu.wav	0	0	0	
C	nime	nime.wav	0	0	0	
C	neni	neni.wav	0	0	0	
C	momo	momo.wav	0	0	0	
C	munu	munu.wav	0	0	0	
C	mine	mine.wav	0	0	0	
C	mimi	mimi.wav	0	0	0	
C	mene	mene.wav	0	0	0	
C	memi	memi.wav	0	0	0	
C	ninu	ninu.wav	1	1	0	
C	nemo	nemo.wav	1	1	0	
C	moni	moni.wav	1	1	0	
C	mume	mume.wav	1	1	0	
C	noto	noto.wav	1	0	1	
C	nipe	nipe.wav	1	0	1	
C	mutu	mutu.wav	1	0	1	
C	mepi	mepi.wav	1	0	1	
C	popo	popo.wav	0	0	0	
C	potu	potu.wav	0	0	0	
C	pupo	pupo.wav	0	0	0	
C	pipi	pipi.wav	0	0	0	
C	pite	pite.wav	0	0	0	
C	pete	pete.wav	0	0	0	
C	topu	topu.wav	0	0	0	
C	tupu	tupu.wav	0	0	0	
C	tuto	tuto.wav	0	0	0	
C	titi	titi.wav	0	0	0	
C	tepe	tepe.wav	0	0	0	
C	teti	teti.wav	0	0	0	
C	nono	nono.wav	0	0	0	
C	nomu	nomu.wav	0	0	0	
C	nuno	nuno.wav	0	0	0	
C	numu	numu.wav	0	0	0	
C	nime	nime.wav	0	0	0	
C	neni	neni.wav	0	0	0	
C	momo	momo.wav	0	0	0	
C	munu	munu.wav	0	0	0	
C	mine	mine.wav	0	0	0	
C	mimi	mimi.wav	0	0	0	
C	mene	mene.wav	0	0	0	
C	memi	memi.wav	0	0	0	
C	ninu	ninu.wav	1	1	0	
C	nemo	nemo.wav	1	1	0	
C	moni	moni.wav	1	1	0	
C	mume	mume.wav	1	1	0	
C	noto	noto.wav	1	0	1	
C	nipe	nipe.wav	1	0	1	
C	mutu	mutu.wav	1	0	1	
C	mepi	mepi.wav	1	0	1	
D	potu	potu.wav	0	0	0	
D	pupo	pupo.wav	0	0	0	
D	pipi	pipi.wav	0	0	0	
D	pite	pite.wav	0	0	0	
D	pete	pete.wav	0	0	0	
D	topu	topu.wav	0	0	0	
D	tuto	tuto.wav	0	0	0	
D	titi	titi.wav	0	0	0	
D	tepe	tepe.wav	0	0	0	
D	teti	teti.wav	0	0	0	
D	nono	nono.wav	0	0	0	
D	nomu	nomu.wav	0	0	0	
D	numu	numu.wav	0	0	0	
D	nime	nime.wav	0	0	0	
D	neni	neni.wav	0	0	0	
D	momo	momo.wav	0	0	0	
D	munu	munu.wav	0	0	0	
D	mumo	mumo.wav	0	0	0	
D	mine	mine.wav	0	0	0	
D	memi	memi.wav	0	0	0	
D	popi	popi.wav	1	1	0	
D	tupe	tupe.wav	1	1	0	
D	nuni	nuni.wav	1	1	0	
D	nenu	nenu.wav	1	1	0	
D	mone	mone.wav	1	1	0	
D	mino	mino.wav	1	1	0	
D	peme	peme.wav	1	0	1	
D	timi	timi.wav	1	0	1	
D	noto	noto.wav	1	0	1	
D	nipe	nipe.wav	1	0	1	
D	mutu	mutu.wav	1	0	1	
D	mepi	mepi.wav	1	0	1	
D	potu	potu.wav	0	0	0	
D	pupo	pupo.wav	0	0	0	
D	pipi	pipi.wav	0	0	0	
D	pite	pite.wav	0	0	0	
D	pete	pete.wav	0	0	0	
D	topu	topu.wav	0	0	0	
D	tuto	tuto.wav	0	0	0	
D	titi	titi.wav	0	0	0	
D	tepe	tepe.wav	0	0	0	
D	teti	teti.wav	0	0	0	
D	nono	nono.wav	0	0	0	
D	nomu	nomu.wav	0	0	0	
D	numu	numu.wav	0	0	0	
D	nime	nime.wav	0	0	0	
D	neni	neni.wav	0	0	0	
D	momo	momo.wav	0	0	0	
D	munu	munu.wav	0	0	0	
D	mumo	mumo.wav	0	0	0	
D	mine	mine.wav	0	0	0	
D	memi	memi.wav	0	0	0	
D	popi	popi.wav	1	1	0	
D	tupe	tupe.wav	1	1	0	
D	nuni	nuni.wav	1	1	0	
D	nenu	nenu.wav	1	1	0	
D	mone	mone.wav	1	1	0	
D	mino	mino.wav	1	1	0	
D	peme	peme.wav	1	0	1	
D	timi	timi.wav	1	0	1	
D	noto	noto.wav	1	0	1	
D	nipe	nipe.wav	1	0	1	
D	mutu	mutu.wav	1	0	1	
D	mepi	mepi.wav	1	0	1	
D	potu	potu.wav	0	0	0	
D	pupo	pupo.wav	0	0	0	
D	pipi	pipi.wav	0	0	0	
D	pite	pite.wav	0	0	0	
D	pete	pete.wav	0	0	0	
D	topu	topu.wav	0	0	0	
D	tuto	tuto.wav	0	0	0	
D	titi	titi.wav	0	0	0	
D	tepe	tepe.wav	0	0	0	
D	teti	teti.wav	0	0	0	
D	nono	nono.wav	0	0	0	
D	nomu	nomu.wav	0	0	0	
D	numu	numu.wav	0	0	0	
D	nime	nime.wav	0	0	0	
D	neni	neni.wav	0	0	0	
D	momo	momo.wav	0	0	0	
D	munu	munu.wav	0	0	0	
D	mumo	mumo.wav	0	0	0	
D	mine	mine.wav	0	0	0	
D	memi	memi.wav	0	0	0	
D	popi	popi.wav	1	1	0	
D	tupe	tupe.wav	1	1	0	
D	nuni	nuni.wav	1	1	0	
D	nenu	nenu.wav	1	1	0	
D	mone	mone.wav	1	1	0	
D	mino	mino.wav	1	1	0	
D	peme	peme.wav	1	0	1	
D	timi	timi.wav	1	0	1	
D	noto	noto.wav	1	0	1	
D	nipe	nipe.wav	1	0	1	
D	mutu	mutu.wav	1	0	1	
D	mepi	mepi.wav	1	0	1	
D	potu	potu.wav	0	0	0	
D	pupo	pupo.wav	0	0	0	
D	pipi	pipi.wav	0	0	0	
D	pite	pite.wav	0	0	0	
D	pete	pete.wav	0	0	0	
D	topu	topu.wav	0	0	0	
D	tuto	tuto.wav	0	0	0	
D	titi	titi.wav	0	0	0	
D	tepe	tepe.wav	0	0	0	
D	teti	teti.wav	0	0	0	
D	nono	nono.wav	0	0	0	
D	nomu	nomu.wav	0	0	0	
D	numu	numu.wav	0	0	0	
D	nime	nime.wav	0	0	0	
D	neni	neni.wav	0	0	0	
D	momo	momo.wav	0	0	0	
D	munu	munu.wav	0	0	0	
D	mumo	mumo.wav	0	0	0	
D	mine	mine.wav	0	0	0	
D	memi	memi.wav	0	0	0	
D	popi	popi.wav	1	1	0	
D	tupe	tupe.wav	1	1	0	
D	nuni	nuni.wav	1	1	0	
D	nenu	nenu.wav	1	1	0	
D	mone	mone.wav	1	1	0	
D	mino	mino.wav	1	1	0	
D	peme	peme.wav	1	0	1	
D	timi	timi.wav	1	0	1	
D	noto	noto.wav	1	0	1	
D	nipe	nipe.wav	1	0	1	
D	mutu	mutu.wav	1	0	1	
D	mepi	mepi.wav	1	0	1	
D	potu	potu.wav	0	0	0	
D	pupo	pupo.wav	0	0	0	
D	pipi	pipi.wav	0	0	0	
D	pite	pite.wav	0	0	0	
D	pete	pete.wav	0	0	0	
D	topu	topu.wav	0	0	0	
D	tuto	tuto.wav	0	0	0	
D	titi	titi.wav	0	0	0	
D	tepe	tepe.wav	0	0	0	
D	teti	teti.wav	0	0	0	
D	nono	nono.wav	0	0	0	
D	nomu	nomu.wav	0	0	0	
D	numu	numu.wav	0	0	0	
D	nime	nime.wav	0	0	0	
D	neni	neni.wav	0	0	0	
D	momo	momo.wav	0	0	0	
D	munu	munu.wav	0	0	0	
D	mumo	mumo.wav	0	0	0	
D	mine	mine.wav	0	0	0	
D	memi	memi.wav	0	0	0	
D	popi	popi.wav	1	1	0	
D	tupe	tupe.wav	1	1	0	
D	nuni	nuni.wav	1	1	0	
D	nenu	nenu.wav	1	1	0	
D	mone	mone.wav	1	1	0	
D	mino	mino.wav	1	1	0	
D	peme	peme.wav	1	0	1	
D	timi	timi.wav	1	0	1	
D	noto	noto.wav	1	0	1	
D	nipe	nipe.wav	1	0	1	
D	mutu	mutu.wav	1	0	1	
D	mepi	mepi.wav	1	0	1	
D	potu	potu.wav	0	0	0	
D	pupo	pupo.wav	0	0	0	
D	pipi	pipi.wav	0	0	0	
D	pite	pite.wav	0	0	0	
D	pete	pete.wav	0	0	0	
D	topu	topu.wav	0	0	0	
D	tuto	tuto.wav	0	0	0	
D	titi	titi.wav	0	0	0	
D	tepe	tepe.wav	0	0	0	
D	teti	teti.wav	0	0	0	
D	nono	nono.wav	0	0	0	
D	nomu	nomu.wav	0	0	0	
D	numu	numu.wav	0	0	0	
D	nime	nime.wav	0	0	0	
D	neni	neni.wav	0	0	0	
D	momo	momo.wav	0	0	0	
D	munu	munu.wav	0	0	0	
D	mumo	mumo.wav	0	0	0	
D	mine	mine.wav	0	0	0	
D	memi	memi.wav	0	0	0	
D	popi	popi.wav	1	1	0	
D	tupe	tupe.wav	1	1	0	
D	nuni	nuni.wav	1	1	0	
D	nenu	nenu.wav	1	1	0	
D	mone	mone.wav	1	1	0	
D	mino	mino.wav	1	1	0	
D	peme	peme.wav	1	0	1	
D	timi	timi.wav	1	0	1	
D	noto	noto.wav	1	0	1	
D	nipe	nipe.wav	1	0	1	
D	mutu	mutu.wav	1	0	1	
D	mepi	mepi.wav	1	0	1	
D	potu	potu.wav	0	0	0	
D	pupo	pupo.wav	0	0	0	
D	pipi	pipi.wav	0	0	0	
D	pite	pite.wav	0	0	0	
D	pete	pete.wav	0	0	0	
D	topu	topu.wav	0	0	0	
D	tuto	tuto.wav	0	0	0	
D	titi	titi.wav	0	0	0	
D	tepe	tepe.wav	0	0	0	
D	teti	teti.wav	0	0	0	
D	nono	nono.wav	0	0	0	
D	nomu	nomu.wav	0	0	0	
D	numu	numu.wav	0	0	0	
D	nime	nime.wav	0	0	0	
D	neni	neni.wav	0	0	0	
D	momo	momo.wav	0	0	0	
D	munu	munu.wav	0	0	0	
D	mumo	mumo.wav	0	0	0	
D	mine	mine.wav	0	0	0	
D	memi	memi.wav	0	0	0	
D	popi	popi.wav	1	1	0	
D	tupe	tupe.wav	1	1	0	
D	nuni	nuni.wav	1	1	0	
D	nenu	nenu.wav	1	1	0	
D	mone	mone.wav	1	1	0	
D	mino	mino.wav	1	1	0	
D	peme	peme.wav	1	0	1	
D	timi	timi.wav	1	0	1	
D	noto	noto.wav	1	0	1	
D	nipe	nipe.wav	1	0	1	
D	mutu	mutu.wav	1	0	1	
D	mepi	mepi.wav	1	0	1	
D	potu	potu.wav	0	0	0	
D	pupo	pupo.wav	0	0	0	
D	pipi	pipi.wav	0	0	0	
D	pite	pite.wav	0	0	0	
D	pete	pete.wav	0	0	0	
D	topu	topu.wav	0	0	0	
D	tuto	tuto.wav	0	0	0	
D	titi	titi.wav	0	0	0	
D	tepe	tepe.wav	0	0	0	
D	teti	teti.wav	0	0	0	
D	nono	nono.wav	0	0	0	
D	nomu	nomu.wav	0	0	0	
D	numu	numu.wav	0	0	0	
D	nime	nime.wav	0	0	0	
D	neni	neni.wav	0	0	0	
D	momo	momo.wav	0	0	0	
D	munu	munu.wav	0	0	0	
D	mumo	mumo.wav	0	0	0	
D	mine	mine.wav	0	0	0	
D	memi	memi.wav	0	0	0	
D	popi	popi.wav	1	1	0	
D	tupe	tupe.wav	1	1	0	
D	nuni	nuni.wav	1	1	0	
D	nenu	nenu.wav	1	1	0	
D	mone	mone.wav	1	1	0	
D	mino	mino.wav	1	1	0	
D	peme	peme.wav	1	0	1	
D	timi	timi.wav	1	0	1	
D	noto	noto.wav	1	0	1	
D	nipe	nipe.wav	1	0	1	
D	mutu	mutu.wav	1	0	1	
D	mepi	mepi.wav	1	0	1	
D	potu	potu.wav	0	0	0	
D	pupo	pupo.wav	0	0	0	
D	pipi	pipi.wav	0	0	0	
D	pite	pite.wav	0	0	0	
D	pete	pete.wav	0	0	0	
D	topu	topu.wav	0	0	0	
D	tuto	tuto.wav	0	0	0	
D	titi	titi.wav	0	0	0	
D	tepe	tepe.wav	0	0	0	
D	teti	teti.wav	0	0	0	
D	nono	nono.wav	0	0	0	
D	nomu	nomu.wav	0	0	0	
D	numu	numu.wav	0	0	0	
D	nime	nime.wav	0	0	0	
D	neni	neni.wav	0	0	0	
D	momo	momo.wav	0	0	0	
D	munu	munu.wav	0	0	0	
D	mumo	mumo.wav	0	0	0	
D	mine	mine.wav	0	0	0	
D	memi	memi.wav	0	0	0	
D	popi	popi.wav	1	1	0	
D	tupe	tupe.wav	1	1	0	
D	nuni	nuni.wav	1	1	0	
D	nenu	nenu.wav	1	1	0	
D	mone	mone.wav	1	1	0	
D	mino	mino.wav	1	1	0	
D	peme	peme.wav	1	0	1	
D	timi	timi.wav	1	0	1	
D	noto	noto.wav	1	0	1	
D	nipe	nipe.wav	1	0	1	
D	mutu	mutu.wav	1	0	1	
D	mepi	mepi.wav	1	0	1	
E	popo	popo.wav	0	0	0	
E	putu	putu.wav	0	0	0	
E	pite	pite.wav	0	0	0	
E	pepi	pepi.wav	0	0	0	
E	toto	toto.wav	0	0	0	
E	tupu	tupu.wav	0	0	0	
E	tipe	tipe.wav	0	0	0	
E	teti	teti.wav	0	0	0	
E	nomu	nomu.wav	0	0	0	
E	nuno	nuno.wav	0	0	0	
E	nini	nini.wav	0	0	0	
E	neme	neme.wav	0	0	0	
E	monu	monu.wav	0	0	0	
E	mumo	mumo.wav	0	0	0	
E	mimi	mimi.wav	0	0	0	
E	mene	mene.wav	0	0	0	
E	pito	pito.wav	1	1	0	
E	pepo	pepo.wav	1	1	0	
E	tipu	tipu.wav	1	1	0	
E	tetu	tetu.wav	1	1	0	
E	noni	noni.wav	1	1	0	
E	numi	numi.wav	1	1	0	
E	mome	mome.wav	1	1	0	
E	mune	mune.wav	1	1	0	
E	pomo	pomo.wav	1	0	1	
E	punu	punu.wav	1	0	1	
E	tono	tono.wav	1	0	1	
E	tumo	tumo.wav	1	0	1	
E	nite	nite.wav	1	0	1	
E	nete	nete.wav	1	0	1	
E	mipe	mipe.wav	1	0	1	
E	mepi	mepi.wav	1	0	1	
E	popo	popo.wav	0	0	0	
E	putu	putu.wav	0	0	0	
E	pite	pite.wav	0	0	0	
E	pepi	pepi.wav	0	0	0	
E	toto	toto.wav	0	0	0	
E	tupu	tupu.wav	0	0	0	
E	tipe	tipe.wav	0	0	0	
E	teti	teti.wav	0	0	0	
E	nomu	nomu.wav	0	0	0	
E	nuno	nuno.wav	0	0	0	
E	nini	nini.wav	0	0	0	
E	neme	neme.wav	0	0	0	
E	monu	monu.wav	0	0	0	
E	mumo	mumo.wav	0	0	0	
E	mimi	mimi.wav	0	0	0	
E	mene	mene.wav	0	0	0	
E	pito	pito.wav	1	1	0	
E	pepo	pepo.wav	1	1	0	
E	tipu	tipu.wav	1	1	0	
E	tetu	tetu.wav	1	1	0	
E	noni	noni.wav	1	1	0	
E	numi	numi.wav	1	1	0	
E	mome	mome.wav	1	1	0	
E	mune	mune.wav	1	1	0	
E	pomo	pomo.wav	1	0	1	
E	punu	punu.wav	1	0	1	
E	tono	tono.wav	1	0	1	
E	tumo	tumo.wav	1	0	1	
E	nite	nite.wav	1	0	1	
E	nete	nete.wav	1	0	1	
E	mipe	mipe.wav	1	0	1	
E	mepi	mepi.wav	1	0	1	
E	popo	popo.wav	0	0	0	
E	putu	putu.wav	0	0	0	
E	pite	pite.wav	0	0	0	
E	pepi	pepi.wav	0	0	0	
E	toto	toto.wav	0	0	0	
E	tupu	tupu.wav	0	0	0	
E	tipe	tipe.wav	0	0	0	
E	teti	teti.wav	0	0	0	
E	nomu	nomu.wav	0	0	0	
E	nuno	nuno.wav	0	0	0	
E	nini	nini.wav	0	0	0	
E	neme	neme.wav	0	0	0	
E	monu	monu.wav	0	0	0	
E	mumo	mumo.wav	0	0	0	
E	mimi	mimi.wav	0	0	0	
E	mene	mene.wav	0	0	0	
E	pito	pito.wav	1	1	0	
E	pepo	pepo.wav	1	1	0	
E	tipu	tipu.wav	1	1	0	
E	tetu	tetu.wav	1	1	0	
E	noni	noni.wav	1	1	0	
E	numi	numi.wav	1	1	0	
E	mome	mome.wav	1	1	0	
E	mune	mune.wav	1	1	0	
E	pomo	pomo.wav	1	0	1	
E	punu	punu.wav	1	0	1	
E	tono	tono.wav	1	0	1	
E	tumo	tumo.wav	1	0	1	
E	nite	nite.wav	1	0	1	
E	nete	nete.wav	1	0	1	
E	mipe	mipe.wav	1	0	1	
E	mepi	mepi.wav	1	0	1	
E	popo	popo.wav	0	0	0	
E	putu	putu.wav	0	0	0	
E	pite	pite.wav	0	0	0	
E	pepi	pepi.wav	0	0	0	
E	toto	toto.wav	0	0	0	
E	tupu	tupu.wav	0	0	0	
E	tipe	tipe.wav	0	0	0	
E	teti	teti.wav	0	0	0	
E	nomu	nomu.wav	0	0	0	
E	nuno	nuno.wav	0	0	0	
E	nini	nini.wav	0	0	0	
E	neme	neme.wav	0	0	0	
E	monu	monu.wav	0	0	0	
E	mumo	mumo.wav	0	0	0	
E	mimi	mimi.wav	0	0	0	
E	mene	mene.wav	0	0	0	
E	pito	pito.wav	1	1	0	
E	pepo	pepo.wav	1	1	0	
E	tipu	tipu.wav	1	1	0	
E	tetu	tetu.wav	1	1	0	
E	noni	noni.wav	1	1	0	
E	numi	numi.wav	1	1	0	
E	mome	mome.wav	1	1	0	
E	mune	mune.wav	1	1	0	
E	pomo	pomo.wav	1	0	1	
E	punu	punu.wav	1	0	1	
E	tono	tono.wav	1	0	1	
E	tumo	tumo.wav	1	0	1	
E	nite	nite.wav	1	0	1	
E	nete	nete.wav	1	0	1	
E	mipe	mipe.wav	1	0	1	
E	mepi	mepi.wav	1	0	1	
E	popo	popo.wav	0	0	0	
E	putu	putu.wav	0	0	0	
E	pite	pite.wav	0	0	0	
E	pepi	pepi.wav	0	0	0	
E	toto	toto.wav	0	0	0	
E	tupu	tupu.wav	0	0	0	
E	tipe	tipe.wav	0	0	0	
E	teti	teti.wav	0	0	0	
E	nomu	nomu.wav	0	0	0	
E	nuno	nuno.wav	0	0	0	
E	nini	nini.wav	0	0	0	
E	neme	neme.wav	0	0	0	
E	monu	monu.wav	0	0	0	
E	mumo	mumo.wav	0	0	0	
E	mimi	mimi.wav	0	0	0	
E	mene	mene.wav	0	0	0	
E	pito	pito.wav	1	1	0	
E	pepo	pepo.wav	1	1	0	
E	tipu	tipu.wav	1	1	0	
E	tetu	tetu.wav	1	1	0	
E	noni	noni.wav	1	1	0	
E	numi	numi.wav	1	1	0	
E	mome	mome.wav	1	1	0	
E	mune	mune.wav	1	1	0	
E	pomo	pomo.wav	1	0	1	
E	punu	punu.wav	1	0	1	
E	tono	tono.wav	1	0	1	
E	tumo	tumo.wav	1	0	1	
E	nite	nite.wav	1	0	1	
E	nete	nete.wav	1	0	1	
E	mipe	mipe.wav	1	0	1	
E	mepi	mepi.wav	1	0	1	
E	popo	popo.wav	0	0	0	
E	putu	putu.wav	0	0	0	
E	pite	pite.wav	0	0	0	
E	pepi	pepi.wav	0	0	0	
E	toto	toto.wav	0	0	0	
E	tupu	tupu.wav	0	0	0	
E	tipe	tipe.wav	0	0	0	
E	teti	teti.wav	0	0	0	
E	nomu	nomu.wav	0	0	0	
E	nuno	nuno.wav	0	0	0	
E	nini	nini.wav	0	0	0	
E	neme	neme.wav	0	0	0	
E	monu	monu.wav	0	0	0	
E	mumo	mumo.wav	0	0	0	
E	mimi	mimi.wav	0	0	0	
E	mene	mene.wav	0	0	0	
E	pito	pito.wav	1	1	0	
E	pepo	pepo.wav	1	1	0	
E	tipu	tipu.wav	1	1	0	
E	tetu	tetu.wav	1	1	0	
E	noni	noni.wav	1	1	0	
E	numi	numi.wav	1	1	0	
E	mome	mome.wav	1	1	0	
E	mune	mune.wav	1	1	0	
E	pomo	pomo.wav	1	0	1	
E	punu	punu.wav	1	0	1	
E	tono	tono.wav	1	0	1	
E	tumo	tumo.wav	1	0	1	
E	nite	nite.wav	1	0	1	
E	nete	nete.wav	1	0	1	
E	mipe	mipe.wav	1	0	1	
E	mepi	mepi.wav	1	0	1	
E	popo	popo.wav	0	0	0	
E	putu	putu.wav	0	0	0	
E	pite	pite.wav	0	0	0	
E	pepi	pepi.wav	0	0	0	
E	toto	toto.wav	0	0	0	
E	tupu	tupu.wav	0	0	0	
E	tipe	tipe.wav	0	0	0	
E	teti	teti.wav	0	0	0	
E	nomu	nomu.wav	0	0	0	
E	nuno	nuno.wav	0	0	0	
E	nini	nini.wav	0	0	0	
E	neme	neme.wav	0	0	0	
E	monu	monu.wav	0	0	0	
E	mumo	mumo.wav	0	0	0	
E	mimi	mimi.wav	0	0	0	
E	mene	mene.wav	0	0	0	
E	pito	pito.wav	1	1	0	
E	pepo	pepo.wav	1	1	0	
E	tipu	tipu.wav	1	1	0	
E	tetu	tetu.wav	1	1	0	
E	noni	noni.wav	1	1	0	
E	numi	numi.wav	1	1	0	
E	mome	mome.wav	1	1	0	
E	mune	mune.wav	1	1	0	
E	pomo	pomo.wav	1	0	1	
E	punu	punu.wav	1	0	1	
E	tono	tono.wav	1	0	1	
E	tumo	tumo.wav	1	0	1	
E	nite	nite.wav	1	0	1	
E	nete	nete.wav	1	0	1	
E	mipe	mipe.wav	1	0	1	
E	mepi	mepi.wav	1	0	1	
E	popo	popo.wav	0	0	0	
E	putu	putu.wav	0	0	0	
E	pite	pite.wav	0	0	0	
E	pepi	pepi.wav	0	0	0	
E	toto	toto.wav	0	0	0	
E	tupu	tupu.wav	0	0	0	
E	tipe	tipe.wav	0	0	0	
E	teti	teti.wav	0	0	0	
E	nomu	nomu.wav	0	0	0	
E	nuno	nuno.wav	0	0	0	
E	nini	nini.wav	0	0	0	
E	neme	neme.wav	0	0	0	
E	monu	monu.wav	0	0	0	
E	mumo	mumo.wav	0	0	0	
E	mimi	mimi.wav	0	0	0	
E	mene	mene.wav	0	0	0	
E	pito	pito.wav	1	1	0	
E	pepo	pepo.wav	1	1	0	
E	tipu	tipu.wav	1	1	0	
E	tetu	tetu.wav	1	1	0	
E	noni	noni.wav	1	1	0	
E	numi	numi.wav	1	1	0	
E	mome	mome.wav	1	1	0	
E	mune	mune.wav	1	1	0	
E	pomo	pomo.wav	1	0	1	
E	punu	punu.wav	1	0	1	
E	tono	tono.wav	1	0	1	
E	tumo	tumo.wav	1	0	1	
E	nite	nite.wav	1	0	1	
E	nete	nete.wav	1	0	1	
E	mipe	mipe.wav	1	0	1	
E	mepi	mepi.wav	1	0	1	
E	popo	popo.wav	0	0	0	
E	putu	putu.wav	0	0	0	
E	pite	pite.wav	0	0	0	
E	pepi	pepi.wav	0	0	0	
E	toto	toto.wav	0	0	0	
E	tupu	tupu.wav	0	0	0	
E	tipe	tipe.wav	0	0	0	
E	teti	teti.wav	0	0	0	
E	nomu	nomu.wav	0	0	0	
E	nuno	nuno.wav	0	0	0	
E	nini	nini.wav	0	0	0	
E	neme	neme.wav	0	0	0	
E	monu	monu.wav	0	0	0	
E	mumo	mumo.wav	0	0	0	
E	mimi	mimi.wav	0	0	0	
E	mene	mene.wav	0	0	0	
E	pito	pito.wav	1	1	0	
E	pepo	pepo.wav	1	1	0	
E	tipu	tipu.wav	1	1	0	
E	tetu	tetu.wav	1	1	0	
E	noni	noni.wav	1	1	0	
E	numi	numi.wav	1	1	0	
E	mome	mome.wav	1	1	0	
E	mune	mune.wav	1	1	0	
E	pomo	pomo.wav	1	0	1	
E	punu	punu.wav	1	0	1	
E	tono	tono.wav	1	0	1	
E	tumo	tumo.wav	1	0	1	
E	nite	nite.wav	1	0	1	
E	nete	nete.wav	1	0	1	
E	mipe	mipe.wav	1	0	1	
E	mepi	mepi.wav	1	0	1	
F	popo	popo.wav	0	0	0	
F	putu	putu.wav	0	0	0	
F	pepi	pepi.wav	0	0	0	
F	toto	toto.wav	0	0	0	
F	tupu	tupu.wav	0	0	0	
F	tipe	tipe.wav	0	0	0	
F	teti	teti.wav	0	0	0	
F	nomu	nomu.wav	0	0	0	
F	nuno	nuno.wav	0	0	0	
F	nini	nini.wav	0	0	0	
F	neme	neme.wav	0	0	0	
F	monu	monu.wav	0	0	0	
F	mimi	mimi.wav	0	0	0	
F	mene	mene.wav	0	0	0	
F	pote	pote.wav	1	1	0	
F	pito	pito.wav	1	1	0	
F	tupi	tupi.wav	1	1	0	
F	titu	titu.wav	1	1	0	
F	noni	noni.wav	1	1	0	
F	nemo	nemo.wav	1	1	0	
F	mume	mume.wav	1	1	0	
F	mimo	mimo.wav	1	1	0	
F	menu	menu.wav	1	1	0	
F	puno	puno.wav	1	0	1	
F	pine	pine.wav	1	0	1	
F	tomu	tomu.wav	1	0	1	
F	temi	temi.wav	1	0	1	
F	nutu	nutu.wav	1	0	1	
F	nipe	nipe.wav	1	0	1	
F	nete	nete.wav	1	0	1	
F	mopo	mopo.wav	1	0	1	
F	mupu	mupu.wav	1	0	1	
F	popo	popo.wav	0	0	0	
F	putu	putu.wav	0	0	0	
F	pepi	pepi.wav	0	0	0	
F	toto	toto.wav	0	0	0	
F	tupu	tupu.wav	0	0	0	
F	tipe	tipe.wav	0	0	0	
F	teti	teti.wav	0	0	0	
F	nomu	nomu.wav	0	0	0	
F	nuno	nuno.wav	0	0	0	
F	nini	nini.wav	0	0	0	
F	neme	neme.wav	0	0	0	
F	monu	monu.wav	0	0	0	
F	mimi	mimi.wav	0	0	0	
F	mene	mene.wav	0	0	0	
F	pote	pote.wav	1	1	0	
F	pito	pito.wav	1	1	0	
F	tupi	tupi.wav	1	1	0	
F	titu	titu.wav	1	1	0	
F	noni	noni.wav	1	1	0	
F	nemo	nemo.wav	1	1	0	
F	mume	mume.wav	1	1	0	
F	mimo	mimo.wav	1	1	0	
F	menu	menu.wav	1	1	0	
F	puno	puno.wav	1	0	1	
F	pine	pine.wav	1	0	1	
F	tomu	tomu.wav	1	0	1	
F	temi	temi.wav	1	0	1	
F	nutu	nutu.wav	1	0	1	
F	nipe	nipe.wav	1	0	1	
F	nete	nete.wav	1	0	1	
F	mopo	mopo.wav	1	0	1	
F	mupu	mupu.wav	1	0	1	
F	popo	popo.wav	0	0	0	
F	putu	putu.wav	0	0	0	
F	pepi	pepi.wav	0	0	0	
F	toto	toto.wav	0	0	0	
F	tupu	tupu.wav	0	0	0	
F	tipe	tipe.wav	0	0	0	
F	teti	teti.wav	0	0	0	
F	nomu	nomu.wav	0	0	0	
F	nuno	nuno.wav	0	0	0	
F	nini	nini.wav	0	0	0	
F	neme	neme.wav	0	0	0	
F	monu	monu.wav	0	0	0	
F	mimi	mimi.wav	0	0	0	
F	mene	mene.wav	0	0	0	
F	pote	pote.wav	1	1	0	
F	pito	pito.wav	1	1	0	
F	tupi	tupi.wav	1	1	0	
F	titu	titu.wav	1	1	0	
F	noni	noni.wav	1	1	0	
F	nemo	nemo.wav	1	1	0	
F	mume	mume.wav	1	1	0	
F	mimo	mimo.wav	1	1	0	
F	menu	menu.wav	1	1	0	
F	puno	puno.wav	1	0	1	
F	pine	pine.wav	1	0	1	
F	tomu	tomu.wav	1	0	1	
F	temi	temi.wav	1	0	1	
F	nutu	nutu.wav	1	0	1	
F	nipe	nipe.wav	1	0	1	
F	nete	nete.wav	1	0	1	
F	mopo	mopo.wav	1	0	1	
F	mupu	mupu.wav	1	0	1	
F	popo	popo.wav	0	0	0	
F	putu	putu.wav	0	0	0	
F	pepi	pepi.wav	0	0	0	
F	toto	toto.wav	0	0	0	
F	tupu	tupu.wav	0	0	0	
F	tipe	tipe.wav	0	0	0	
F	teti	teti.wav	0	0	0	
F	nomu	nomu.wav	0	0	0	
F	nuno	nuno.wav	0	0	0	
F	nini	nini.wav	0	0	0	
F	neme	neme.wav	0	0	0	
F	monu	monu.wav	0	0	0	
F	mimi	mimi.wav	0	0	0	
F	mene	mene.wav	0	0	0	
F	pote	pote.wav	1	1	0	
F	pito	pito.wav	1	1	0	
F	tupi	tupi.wav	1	1	0	
F	titu	titu.wav	1	1	0	
F	noni	noni.wav	1	1	0	
F	nemo	nemo.wav	1	1	0	
F	mume	mume.wav	1	1	0	
F	mimo	mimo.wav	1	1	0	
F	menu	menu.wav	1	1	0	
F	puno	puno.wav	1	0	1	
F	pine	pine.wav	1	0	1	
F	tomu	tomu.wav	1	0	1	
F	temi	temi.wav	1	0	1	
F	nutu	nutu.wav	1	0	1	
F	nipe	nipe.wav	1	0	1	
F	nete	nete.wav	1	0	1	
F	mopo	mopo.wav	1	0	1	
F	mupu	mupu.wav	1	0	1	
F	popo	popo.wav	0	0	0	
F	putu	putu.wav	0	0	0	
F	pepi	pepi.wav	0	0	0	
F	toto	toto.wav	0	0	0	
F	tupu	tupu.wav	0	0	0	
F	tipe	tipe.wav	0	0	0	
F	teti	teti.wav	0	0	0	
F	nomu	nomu.wav	0	0	0	
F	nuno	nuno.wav	0	0	0	
F	nini	nini.wav	0	0	0	
F	neme	neme.wav	0	0	0	
F	monu	monu.wav	0	0	0	
F	mimi	mimi.wav	0	0	0	
F	mene	mene.wav	0	0	0	
F	pote	pote.wav	1	1	0	
F	pito	pito.wav	1	1	0	
F	tupi	tupi.wav	1	1	0	
F	titu	titu.wav	1	1	0	
F	noni	noni.wav	1	1	0	
F	nemo	nemo.wav	1	1	0	
F	mume	mume.wav	1	1	0	
F	mimo	mimo.wav	1	1	0	
F	menu	menu.wav	1	1	0	
F	puno	puno.wav	1	0	1	
F	pine	pine.wav	1	0	1	
F	tomu	tomu.wav	1	0	1	
F	temi	temi.wav	1	0	1	
F	nutu	nutu.wav	1	0	1	
F	nipe	nipe.wav	1	0	1	
F	nete	nete.wav	1	0	1	
F	mopo	mopo.wav	1	0	1	
F	mupu	mupu.wav	1	0	1	
F	popo	popo.wav	0	0	0	
F	putu	putu.wav	0	0	0	
F	pepi	pepi.wav	0	0	0	
F	toto	toto.wav	0	0	0	
F	tupu	tupu.wav	0	0	0	
F	tipe	tipe.wav	0	0	0	
F	teti	teti.wav	0	0	0	
F	nomu	nomu.wav	0	0	0	
F	nuno	nuno.wav	0	0	0	
F	nini	nini.wav	0	0	0	
F	neme	neme.wav	0	0	0	
F	monu	monu.wav	0	0	0	
F	mimi	mimi.wav	0	0	0	
F	mene	mene.wav	0	0	0	
F	pote	pote.wav	1	1	0	
F	pito	pito.wav	1	1	0	
F	tupi	tupi.wav	1	1	0	
F	titu	titu.wav	1	1	0	
F	noni	noni.wav	1	1	0	
F	nemo	nemo.wav	1	1	0	
F	mume	mume.wav	1	1	0	
F	mimo	mimo.wav	1	1	0	
F	menu	menu.wav	1	1	0	
F	puno	puno.wav	1	0	1	
F	pine	pine.wav	1	0	1	
F	tomu	tomu.wav	1	0	1	
F	temi	temi.wav	1	0	1	
F	nutu	nutu.wav	1	0	1	
F	nipe	nipe.wav	1	0	1	
F	nete	nete.wav	1	0	1	
F	mopo	mopo.wav	1	0	1	
F	mupu	mupu.wav	1	0	1	
F	popo	popo.wav	0	0	0	
F	putu	putu.wav	0	0	0	
F	pepi	pepi.wav	0	0	0	
F	toto	toto.wav	0	0	0	
F	tupu	tupu.wav	0	0	0	
F	tipe	tipe.wav	0	0	0	
F	teti	teti.wav	0	0	0	
F	nomu	nomu.wav	0	0	0	
F	nuno	nuno.wav	0	0	0	
F	nini	nini.wav	0	0	0	
F	neme	neme.wav	0	0	0	
F	monu	monu.wav	0	0	0	
F	mimi	mimi.wav	0	0	0	
F	mene	mene.wav	0	0	0	
F	pote	pote.wav	1	1	0	
F	pito	pito.wav	1	1	0	
F	tupi	tupi.wav	1	1	0	
F	titu	titu.wav	1	1	0	
F	noni	noni.wav	1	1	0	
F	nemo	nemo.wav	1	1	0	
F	mume	mume.wav	1	1	0	
F	mimo	mimo.wav	1	1	0	
F	menu	menu.wav	1	1	0	
F	puno	puno.wav	1	0	1	
F	pine	pine.wav	1	0	1	
F	tomu	tomu.wav	1	0	1	
F	temi	temi.wav	1	0	1	
F	nutu	nutu.wav	1	0	1	
F	nipe	nipe.wav	1	0	1	
F	nete	nete.wav	1	0	1	
F	mopo	mopo.wav	1	0	1	
F	mupu	mupu.wav	1	0	1	
F	popo	popo.wav	0	0	0	
F	putu	putu.wav	0	0	0	
F	pepi	pepi.wav	0	0	0	
F	toto	toto.wav	0	0	0	
F	tupu	tupu.wav	0	0	0	
F	tipe	tipe.wav	0	0	0	
F	teti	teti.wav	0	0	0	
F	nomu	nomu.wav	0	0	0	
F	nuno	nuno.wav	0	0	0	
F	nini	nini.wav	0	0	0	
F	neme	neme.wav	0	0	0	
F	monu	monu.wav	0	0	0	
F	mimi	mimi.wav	0	0	0	
F	mene	mene.wav	0	0	0	
F	pote	pote.wav	1	1	0	
F	pito	pito.wav	1	1	0	
F	tupi	tupi.wav	1	1	0	
F	titu	titu.wav	1	1	0	
F	noni	noni.wav	1	1	0	
F	nemo	nemo.wav	1	1	0	
F	mume	mume.wav	1	1	0	
F	mimo	mimo.wav	1	1	0	
F	menu	menu.wav	1	1	0	
F	puno	puno.wav	1	0	1	
F	pine	pine.wav	1	0	1	
F	tomu	tomu.wav	1	0	1	
F	temi	temi.wav	1	0	1	
F	nutu	nutu.wav	1	0	1	
F	nipe	nipe.wav	1	0	1	
F	nete	nete.wav	1	0	1	
F	mopo	mopo.wav	1	0	1	
F	mupu	mupu.wav	1	0	1	
F	popo	popo.wav	0	0	0	
F	putu	putu.wav	0	0	0	
F	pepi	pepi.wav	0	0	0	
F	toto	toto.wav	0	0	0	
F	tupu	tupu.wav	0	0	0	
F	tipe	tipe.wav	0	0	0	
F	teti	teti.wav	0	0	0	
F	nomu	nomu.wav	0	0	0	
F	nuno	nuno.wav	0	0	0	
F	nini	nini.wav	0	0	0	
F	neme	neme.wav	0	0	0	
F	monu	monu.wav	0	0	0	
F	mimi	mimi.wav	0	0	0	
F	mene	mene.wav	0	0	0	
F	pote	pote.wav	1	1	0	
F	pito	pito.wav	1	1	0	
F	tupi	tupi.wav	1	1	0	
F	titu	titu.wav	1	1	0	
F	noni	noni.wav	1	1	0	
F	nemo	nemo.wav	1	1	0	
F	mume	mume.wav	1	1	0	
F	mimo	mimo.wav	1	1	0	
F	menu	menu.wav	1	1	0	
F	puno	puno.wav	1	0	1	
F	pine	pine.wav	1	0	1	
F	tomu	tomu.wav	1	0	1	
F	temi	temi.wav	1	0	1	
F	nutu	nutu.wav	1	0	1	
F	nipe	nipe.wav	1	0	1	
F	nete	nete.wav	1	0	1	
F	mopo	mopo.wav	1	0	1	
F	mupu	mupu.wav	1	0	1	
G	popo	popo.wav	0	0	0	
G	putu	putu.wav	0	0	0	
G	pepi	pepi.wav	0	0	0	
G	toto	toto.wav	0	0	0	
G	tupu	tupu.wav	0	0	0	
G	tipe	tipe.wav	0	0	0	
G	nuno	nuno.wav	0	0	0	
G	nini	nini.wav	0	0	0	
G	neme	neme.wav	0	0	0	
G	monu	monu.wav	0	0	0	
G	mimi	mimi.wav	0	0	0	
G	mene	mene.wav	0	0	0	
G	pute	pute.wav	1	1	0	
G	pito	pito.wav	1	1	0	
G	pepu	pepu.wav	1	1	0	
G	toti	toti.wav	1	1	0	
G	tetu	tetu.wav	1	1	0	
G	nome	nome.wav	1	1	0	
G	nune	nune.wav	1	1	0	
G	nemo	nemo.wav	1	1	0	
G	mumi	mumi.wav	1	1	0	
G	mimu	mimu.wav	1	1	0	
G	pomo	pomo.wav	1	0	1	
G	pini	pini.wav	1	0	1	
G	tono	tono.wav	1	0	1	
G	tumo	tumo.wav	1	0	1	
G	tene	tene.wav	1	0	1	
G	nipi	nipi.wav	1	0	1	
G	mopo	mopo.wav	1	0	1	
G	mupu	mupu.wav	1	0	1	
G	mite	mite.wav	1	0	1	
G	meti	meti.wav	1	0	1	
G	popo	popo.wav	0	0	0	
G	putu	putu.wav	0	0	0	
G	pepi	pepi.wav	0	0	0	
G	toto	toto.wav	0	0	0	
G	tupu	tupu.wav	0	0	0	
G	tipe	tipe.wav	0	0	0	
G	nuno	nuno.wav	0	0	0	
G	nini	nini.wav	0	0	0	
G	neme	neme.wav	0	0	0	
G	monu	monu.wav	0	0	0	
G	mimi	mimi.wav	0	0	0	
G	mene	mene.wav	0	0	0	
G	pute	pute.wav	1	1	0	
G	pito	pito.wav	1	1	0	
G	pepu	pepu.wav	1	1	0	
G	toti	toti.wav	1	1	0	
G	tetu	tetu.wav	1	1	0	
G	nome	nome.wav	1	1	0	
G	nune	nune.wav	1	1	0	
G	nemo	nemo.wav	1	1	0	
G	mumi	mumi.wav	1	1	0	
G	mimu	mimu.wav	1	1	0	
G	pomo	pomo.wav	1	0	1	
G	pini	pini.wav	1	0	1	
G	tono	tono.wav	1	0	1	
G	tumo	tumo.wav	1	0	1	
G	tene	tene.wav	1	0	1	
G	nipi	nipi.wav	1	0	1	
G	mopo	mopo.wav	1	0	1	
G	mupu	mupu.wav	1	0	1	
G	mite	mite.wav	1	0	1	
G	meti	meti.wav	1	0	1	
G	popo	popo.wav	0	0	0	
G	putu	putu.wav	0	0	0	
G	pepi	pepi.wav	0	0	0	
G	toto	toto.wav	0	0	0	
G	tupu	tupu.wav	0	0	0	
G	tipe	tipe.wav	0	0	0	
G	nuno	nuno.wav	0	0	0	
G	nini	nini.wav	0	0	0	
G	neme	neme.wav	0	0	0	
G	monu	monu.wav	0	0	0	
G	mimi	mimi.wav	0	0	0	
G	mene	mene.wav	0	0	0	
G	pute	pute.wav	1	1	0	
G	pito	pito.wav	1	1	0	
G	pepu	pepu.wav	1	1	0	
G	toti	toti.wav	1	1	0	
G	tetu	tetu.wav	1	1	0	
G	nome	nome.wav	1	1	0	
G	nune	nune.wav	1	1	0	
G	nemo	nemo.wav	1	1	0	
G	mumi	mumi.wav	1	1	0	
G	mimu	mimu.wav	1	1	0	
G	pomo	pomo.wav	1	0	1	
G	pini	pini.wav	1	0	1	
G	tono	tono.wav	1	0	1	
G	tumo	tumo.wav	1	0	1	
G	tene	tene.wav	1	0	1	
G	nipi	nipi.wav	1	0	1	
G	mopo	mopo.wav	1	0	1	
G	mupu	mupu.wav	1	0	1	
G	mite	mite.wav	1	0	1	
G	meti	meti.wav	1	0	1	
G	popo	popo.wav	0	0	0	
G	putu	putu.wav	0	0	0	
G	pepi	pepi.wav	0	0	0	
G	toto	toto.wav	0	0	0	
G	tupu	tupu.wav	0	0	0	
G	tipe	tipe.wav	0	0	0	
G	nuno	nuno.wav	0	0	0	
G	nini	nini.wav	0	0	0	
G	neme	neme.wav	0	0	0	
G	monu	monu.wav	0	0	0	
G	mimi	mimi.wav	0	0	0	
G	mene	mene.wav	0	0	0	
G	pute	pute.wav	1	1	0	
G	pito	pito.wav	1	1	0	
G	pepu	pepu.wav	1	1	0	
G	toti	toti.wav	1	1	0	
G	tetu	tetu.wav	1	1	0	
G	nome	nome.wav	1	1	0	
G	nune	nune.wav	1	1	0	
G	nemo	nemo.wav	1	1	0	
G	mumi	mumi.wav	1	1	0	
G	mimu	mimu.wav	1	1	0	
G	pomo	pomo.wav	1	0	1	
G	pini	pini.wav	1	0	1	
G	tono	tono.wav	1	0	1	
G	tumo	tumo.wav	1	0	1	
G	tene	tene.wav	1	0	1	
G	nipi	nipi.wav	1	0	1	
G	mopo	mopo.wav	1	0	1	
G	mupu	mupu.wav	1	0	1	
G	mite	mite.wav	1	0	1	
G	meti	meti.wav	1	0	1	
G	popo	popo.wav	0	0	0	
G	putu	putu.wav	0	0	0	
G	pepi	pepi.wav	0	0	0	
G	toto	toto.wav	0	0	0	
G	tupu	tupu.wav	0	0	0	
G	tipe	tipe.wav	0	0	0	
G	nuno	nuno.wav	0	0	0	
G	nini	nini.wav	0	0	0	
G	neme	neme.wav	0	0	0	
G	monu	monu.wav	0	0	0	
G	mimi	mimi.wav	0	0	0	
G	mene	mene.wav	0	0	0	
G	pute	pute.wav	1	1	0	
G	pito	pito.wav	1	1	0	
G	pepu	pepu.wav	1	1	0	
G	toti	toti.wav	1	1	0	
G	tetu	tetu.wav	1	1	0	
G	nome	nome.wav	1	1	0	
G	nune	nune.wav	1	1	0	
G	nemo	nemo.wav	1	1	0	
G	mumi	mumi.wav	1	1	0	
G	mimu	mimu.wav	1	1	0	
G	pomo	pomo.wav	1	0	1	
G	pini	pini.wav	1	0	1	
G	tono	tono.wav	1	0	1	
G	tumo	tumo.wav	1	0	1	
G	tene	tene.wav	1	0	1	
G	nipi	nipi.wav	1	0	1	
G	mopo	mopo.wav	1	0	1	
G	mupu	mupu.wav	1	0	1	
G	mite	mite.wav	1	0	1	
G	meti	meti.wav	1	0	1	
G	popo	popo.wav	0	0	0	
G	putu	putu.wav	0	0	0	
G	pepi	pepi.wav	0	0	0	
G	toto	toto.wav	0	0	0	
G	tupu	tupu.wav	0	0	0	
G	tipe	tipe.wav	0	0	0	
G	nuno	nuno.wav	0	0	0	
G	nini	nini.wav	0	0	0	
G	neme	neme.wav	0	0	0	
G	monu	monu.wav	0	0	0	
G	mimi	mimi.wav	0	0	0	
G	mene	mene.wav	0	0	0	
G	pute	pute.wav	1	1	0	
G	pito	pito.wav	1	1	0	
G	pepu	pepu.wav	1	1	0	
G	toti	toti.wav	1	1	0	
G	tetu	tetu.wav	1	1	0	
G	nome	nome.wav	1	1	0	
G	nune	nune.wav	1	1	0	
G	nemo	nemo.wav	1	1	0	
G	mumi	mumi.wav	1	1	0	
G	mimu	mimu.wav	1	1	0	
G	pomo	pomo.wav	1	0	1	
G	pini	pini.wav	1	0	1	
G	tono	tono.wav	1	0	1	
G	tumo	tumo.wav	1	0	1	
G	tene	tene.wav	1	0	1	
G	nipi	nipi.wav	1	0	1	
G	mopo	mopo.wav	1	0	1	
G	mupu	mupu.wav	1	0	1	
G	mite	mite.wav	1	0	1	
G	meti	meti.wav	1	0	1	
G	popo	popo.wav	0	0	0	
G	putu	putu.wav	0	0	0	
G	pepi	pepi.wav	0	0	0	
G	toto	toto.wav	0	0	0	
G	tupu	tupu.wav	0	0	0	
G	tipe	tipe.wav	0	0	0	
G	nuno	nuno.wav	0	0	0	
G	nini	nini.wav	0	0	0	
G	neme	neme.wav	0	0	0	
G	monu	monu.wav	0	0	0	
G	mimi	mimi.wav	0	0	0	
G	mene	mene.wav	0	0	0	
G	pute	pute.wav	1	1	0	
G	pito	pito.wav	1	1	0	
G	pepu	pepu.wav	1	1	0	
G	toti	toti.wav	1	1	0	
G	tetu	tetu.wav	1	1	0	
G	nome	nome.wav	1	1	0	
G	nune	nune.wav	1	1	0	
G	nemo	nemo.wav	1	1	0	
G	mumi	mumi.wav	1	1	0	
G	mimu	mimu.wav	1	1	0	
G	pomo	pomo.wav	1	0	1	
G	pini	pini.wav	1	0	1	
G	tono	tono.wav	1	0	1	
G	tumo	tumo.wav	1	0	1	
G	tene	tene.wav	1	0	1	
G	nipi	nipi.wav	1	0	1	
G	mopo	mopo.wav	1	0	1	
G	mupu	mupu.wav	1	0	1	
G	mite	mite.wav	1	0	1	
G	meti	meti.wav	1	0	1	
G	popo	popo.wav	0	0	0	
G	putu	putu.wav	0	0	0	
G	pepi	pepi.wav	0	0	0	
G	toto	toto.wav	0	0	0	
G	tupu	tupu.wav	0	0	0	
G	tipe	tipe.wav	0	0	0	
G	nuno	nuno.wav	0	0	0	
G	nini	nini.wav	0	0	0	
G	neme	neme.wav	0	0	0	
G	monu	monu.wav	0	0	0	
G	mimi	mimi.wav	0	0	0	
G	mene	mene.wav	0	0	0	
G	pute	pute.wav	1	1	0	
G	pito	pito.wav	1	1	0	
G	pepu	pepu.wav	1	1	0	
G	toti	toti.wav	1	1	0	
G	tetu	tetu.wav	1	1	0	
G	nome	nome.wav	1	1	0	
G	nune	nune.wav	1	1	0	
G	nemo	nemo.wav	1	1	0	
G	mumi	mumi.wav	1	1	0	
G	mimu	mimu.wav	1	1	0	
G	pomo	pomo.wav	1	0	1	
G	pini	pini.wav	1	0	1	
G	tono	tono.wav	1	0	1	
G	tumo	tumo.wav	1	0	1	
G	tene	tene.wav	1	0	1	
G	nipi	nipi.wav	1	0	1	
G	mopo	mopo.wav	1	0	1	
G	mupu	mupu.wav	1	0	1	
G	mite	mite.wav	1	0	1	
G	meti	meti.wav	1	0	1	
G	popo	popo.wav	0	0	0	
G	putu	putu.wav	0	0	0	
G	pepi	pepi.wav	0	0	0	
G	toto	toto.wav	0	0	0	
G	tupu	tupu.wav	0	0	0	
G	tipe	tipe.wav	0	0	0	
G	nuno	nuno.wav	0	0	0	
G	nini	nini.wav	0	0	0	
G	neme	neme.wav	0	0	0	
G	monu	monu.wav	0	0	0	
G	mimi	mimi.wav	0	0	0	
G	mene	mene.wav	0	0	0	
G	pute	pute.wav	1	1	0	
G	pito	pito.wav	1	1	0	
G	pepu	pepu.wav	1	1	0	
G	toti	toti.wav	1	1	0	
G	tetu	tetu.wav	1	1	0	
G	nome	nome.wav	1	1	0	
G	nune	nune.wav	1	1	0	
G	nemo	nemo.wav	1	1	0	
G	mumi	mumi.wav	1	1	0	
G	mimu	mimu.wav	1	1	0	
G	pomo	pomo.wav	1	0	1	
G	pini	pini.wav	1	0	1	
G	tono	tono.wav	1	0	1	
G	tumo	tumo.wav	1	0	1	
G	tene	tene.wav	1	0	1	
G	nipi	nipi.wav	1	0	1	
G	mopo	mopo.wav	1	0	1	
G	mupu	mupu.wav	1	0	1	
G	mite	mite.wav	1	0	1	
G	meti	meti.wav	1	0	1	
H	pite	pite.wav	0	0	0	
H	pepi	pepi.wav	0	0	0	
H	toto	toto.wav	0	0	0	
H	tupu	tupu.wav	0	0	0	
H	tipe	tipe.wav	0	0	0	
H	nuno	nuno.wav	0	0	0	
H	nini	nini.wav	0	0	0	
H	neme	neme.wav	0	0	0	
H	monu	monu.wav	0	0	0	
H	mimi	mimi.wav	0	0	0	
H	mene	mene.wav	0	0	0	
H	popi	popi.wav	1	1	0	
H	poti	poti.wav	1	1	0	
H	pute	pute.wav	1	1	0	
H	pipo	pipo.wav	1	1	0	
H	tepo	tepo.wav	1	1	0	
H	tetu	tetu.wav	1	1	0	
H	nome	nome.wav	1	1	0	
H	nune	nune.wav	1	1	0	
H	nemo	nemo.wav	1	1	0	
H	mumi	mumi.wav	1	1	0	
H	mimu	mimu.wav	1	1	0	
H	punu	punu.wav	1	0	1	
H	peni	peni.wav	1	0	1	
H	tono	tono.wav	1	0	1	
H	tomu	tomu.wav	1	0	1	
H	tumo	tumo.wav	1	0	1	
H	tine	tine.wav	1	0	1	
H	noto	noto.wav	1	0	1	
H	nite	nite.wav	1	0	1	
H	mopu	mopu.wav	1	0	1	
H	mutu	mutu.wav	1	0	1	
H	mepe	mepe.wav	1	0	1
H	pite	pite.wav	0	0	0	
H	pepi	pepi.wav	0	0	0	
H	toto	toto.wav	0	0	0	
H	tupu	tupu.wav	0	0	0	
H	tipe	tipe.wav	0	0	0	
H	nuno	nuno.wav	0	0	0	
H	nini	nini.wav	0	0	0	
H	neme	neme.wav	0	0	0	
H	monu	monu.wav	0	0	0	
H	mimi	mimi.wav	0	0	0	
H	mene	mene.wav	0	0	0	
H	popi	popi.wav	1	1	0	
H	poti	poti.wav	1	1	0	
H	pute	pute.wav	1	1	0	
H	pipo	pipo.wav	1	1	0	
H	tepo	tepo.wav	1	1	0	
H	tetu	tetu.wav	1	1	0	
H	nome	nome.wav	1	1	0	
H	nune	nune.wav	1	1	0	
H	nemo	nemo.wav	1	1	0	
H	mumi	mumi.wav	1	1	0	
H	mimu	mimu.wav	1	1	0	
H	punu	punu.wav	1	0	1	
H	peni	peni.wav	1	0	1	
H	tono	tono.wav	1	0	1	
H	tomu	tomu.wav	1	0	1	
H	tumo	tumo.wav	1	0	1	
H	tine	tine.wav	1	0	1	
H	noto	noto.wav	1	0	1	
H	nite	nite.wav	1	0	1	
H	mopu	mopu.wav	1	0	1	
H	mutu	mutu.wav	1	0	1	
H	mepe	mepe.wav	1	0	1	
H	pite	pite.wav	0	0	0	
H	pepi	pepi.wav	0	0	0	
H	toto	toto.wav	0	0	0	
H	tupu	tupu.wav	0	0	0	
H	tipe	tipe.wav	0	0	0	
H	nuno	nuno.wav	0	0	0	
H	nini	nini.wav	0	0	0	
H	neme	neme.wav	0	0	0	
H	monu	monu.wav	0	0	0	
H	mimi	mimi.wav	0	0	0	
H	mene	mene.wav	0	0	0	
H	popi	popi.wav	1	1	0	
H	poti	poti.wav	1	1	0	
H	pute	pute.wav	1	1	0	
H	pipo	pipo.wav	1	1	0	
H	tepo	tepo.wav	1	1	0	
H	tetu	tetu.wav	1	1	0	
H	nome	nome.wav	1	1	0	
H	nune	nune.wav	1	1	0	
H	nemo	nemo.wav	1	1	0	
H	mumi	mumi.wav	1	1	0	
H	mimu	mimu.wav	1	1	0	
H	punu	punu.wav	1	0	1	
H	peni	peni.wav	1	0	1	
H	tono	tono.wav	1	0	1	
H	tomu	tomu.wav	1	0	1	
H	tumo	tumo.wav	1	0	1	
H	tine	tine.wav	1	0	1	
H	noto	noto.wav	1	0	1	
H	nite	nite.wav	1	0	1	
H	mopu	mopu.wav	1	0	1	
H	mutu	mutu.wav	1	0	1	
H	mepe	mepe.wav	1	0	1	
H	pite	pite.wav	0	0	0	
H	pepi	pepi.wav	0	0	0	
H	toto	toto.wav	0	0	0	
H	tupu	tupu.wav	0	0	0	
H	tipe	tipe.wav	0	0	0	
H	nuno	nuno.wav	0	0	0	
H	nini	nini.wav	0	0	0	
H	neme	neme.wav	0	0	0	
H	monu	monu.wav	0	0	0	
H	mimi	mimi.wav	0	0	0	
H	mene	mene.wav	0	0	0	
H	popi	popi.wav	1	1	0	
H	poti	poti.wav	1	1	0	
H	pute	pute.wav	1	1	0	
H	pipo	pipo.wav	1	1	0	
H	tepo	tepo.wav	1	1	0	
H	tetu	tetu.wav	1	1	0	
H	nome	nome.wav	1	1	0	
H	nune	nune.wav	1	1	0	
H	nemo	nemo.wav	1	1	0	
H	mumi	mumi.wav	1	1	0	
H	mimu	mimu.wav	1	1	0	
H	punu	punu.wav	1	0	1	
H	peni	peni.wav	1	0	1	
H	tono	tono.wav	1	0	1	
H	tomu	tomu.wav	1	0	1	
H	tumo	tumo.wav	1	0	1	
H	tine	tine.wav	1	0	1	
H	noto	noto.wav	1	0	1	
H	nite	nite.wav	1	0	1	
H	mopu	mopu.wav	1	0	1	
H	mutu	mutu.wav	1	0	1	
H	mepe	mepe.wav	1	0	1	
H	pite	pite.wav	0	0	0	
H	pepi	pepi.wav	0	0	0	
H	toto	toto.wav	0	0	0	
H	tupu	tupu.wav	0	0	0	
H	tipe	tipe.wav	0	0	0	
H	nuno	nuno.wav	0	0	0	
H	nini	nini.wav	0	0	0	
H	neme	neme.wav	0	0	0	
H	monu	monu.wav	0	0	0	
H	mimi	mimi.wav	0	0	0	
H	mene	mene.wav	0	0	0	
H	popi	popi.wav	1	1	0	
H	poti	poti.wav	1	1	0	
H	pute	pute.wav	1	1	0	
H	pipo	pipo.wav	1	1	0	
H	tepo	tepo.wav	1	1	0	
H	tetu	tetu.wav	1	1	0	
H	nome	nome.wav	1	1	0	
H	nune	nune.wav	1	1	0	
H	nemo	nemo.wav	1	1	0	
H	mumi	mumi.wav	1	1	0	
H	mimu	mimu.wav	1	1	0	
H	punu	punu.wav	1	0	1	
H	peni	peni.wav	1	0	1	
H	tono	tono.wav	1	0	1	
H	tomu	tomu.wav	1	0	1	
H	tumo	tumo.wav	1	0	1	
H	tine	tine.wav	1	0	1	
H	noto	noto.wav	1	0	1	
H	nite	nite.wav	1	0	1	
H	mopu	mopu.wav	1	0	1	
H	mutu	mutu.wav	1	0	1	
H	mepe	mepe.wav	1	0	1	
H	pite	pite.wav	0	0	0	
H	pepi	pepi.wav	0	0	0	
H	toto	toto.wav	0	0	0	
H	tupu	tupu.wav	0	0	0	
H	tipe	tipe.wav	0	0	0	
H	nuno	nuno.wav	0	0	0	
H	nini	nini.wav	0	0	0	
H	neme	neme.wav	0	0	0	
H	monu	monu.wav	0	0	0	
H	mimi	mimi.wav	0	0	0	
H	mene	mene.wav	0	0	0	
H	popi	popi.wav	1	1	0	
H	poti	poti.wav	1	1	0	
H	pute	pute.wav	1	1	0	
H	pipo	pipo.wav	1	1	0	
H	tepo	tepo.wav	1	1	0	
H	tetu	tetu.wav	1	1	0	
H	nome	nome.wav	1	1	0	
H	nune	nune.wav	1	1	0	
H	nemo	nemo.wav	1	1	0	
H	mumi	mumi.wav	1	1	0	
H	mimu	mimu.wav	1	1	0	
H	punu	punu.wav	1	0	1	
H	peni	peni.wav	1	0	1	
H	tono	tono.wav	1	0	1	
H	tomu	tomu.wav	1	0	1	
H	tumo	tumo.wav	1	0	1	
H	tine	tine.wav	1	0	1	
H	noto	noto.wav	1	0	1	
H	nite	nite.wav	1	0	1	
H	mopu	mopu.wav	1	0	1	
H	mutu	mutu.wav	1	0	1	
H	mepe	mepe.wav	1	0	1	
H	pite	pite.wav	0	0	0	
H	pepi	pepi.wav	0	0	0	
H	toto	toto.wav	0	0	0	
H	tupu	tupu.wav	0	0	0	
H	tipe	tipe.wav	0	0	0	
H	nuno	nuno.wav	0	0	0	
H	nini	nini.wav	0	0	0	
H	neme	neme.wav	0	0	0	
H	monu	monu.wav	0	0	0	
H	mimi	mimi.wav	0	0	0	
H	mene	mene.wav	0	0	0	
H	popi	popi.wav	1	1	0	
H	poti	poti.wav	1	1	0	
H	pute	pute.wav	1	1	0	
H	pipo	pipo.wav	1	1	0	
H	tepo	tepo.wav	1	1	0	
H	tetu	tetu.wav	1	1	0	
H	nome	nome.wav	1	1	0	
H	nune	nune.wav	1	1	0	
H	nemo	nemo.wav	1	1	0	
H	mumi	mumi.wav	1	1	0	
H	mimu	mimu.wav	1	1	0	
H	punu	punu.wav	1	0	1	
H	peni	peni.wav	1	0	1	
H	tono	tono.wav	1	0	1	
H	tomu	tomu.wav	1	0	1	
H	tumo	tumo.wav	1	0	1	
H	tine	tine.wav	1	0	1	
H	noto	noto.wav	1	0	1	
H	nite	nite.wav	1	0	1	
H	mopu	mopu.wav	1	0	1	
H	mutu	mutu.wav	1	0	1	
H	mepe	mepe.wav	1	0	1	
H	pite	pite.wav	0	0	0	
H	pepi	pepi.wav	0	0	0	
H	toto	toto.wav	0	0	0	
H	tupu	tupu.wav	0	0	0	
H	tipe	tipe.wav	0	0	0	
H	nuno	nuno.wav	0	0	0	
H	nini	nini.wav	0	0	0	
H	neme	neme.wav	0	0	0	
H	monu	monu.wav	0	0	0	
H	mimi	mimi.wav	0	0	0	
H	mene	mene.wav	0	0	0	
H	popi	popi.wav	1	1	0	
H	poti	poti.wav	1	1	0	
H	pute	pute.wav	1	1	0	
H	pipo	pipo.wav	1	1	0	
H	tepo	tepo.wav	1	1	0	
H	tetu	tetu.wav	1	1	0	
H	nome	nome.wav	1	1	0	
H	nune	nune.wav	1	1	0	
H	nemo	nemo.wav	1	1	0	
H	mumi	mumi.wav	1	1	0	
H	mimu	mimu.wav	1	1	0	
H	punu	punu.wav	1	0	1	
H	peni	peni.wav	1	0	1	
H	tono	tono.wav	1	0	1	
H	tomu	tomu.wav	1	0	1	
H	tumo	tumo.wav	1	0	1	
H	tine	tine.wav	1	0	1	
H	noto	noto.wav	1	0	1	
H	nite	nite.wav	1	0	1	
H	mopu	mopu.wav	1	0	1	
H	mutu	mutu.wav	1	0	1	
H	mepe	mepe.wav	1	0	1	
H	pite	pite.wav	0	0	0	
H	pepi	pepi.wav	0	0	0	
H	toto	toto.wav	0	0	0	
H	tupu	tupu.wav	0	0	0	
H	tipe	tipe.wav	0	0	0	
H	nuno	nuno.wav	0	0	0	
H	nini	nini.wav	0	0	0	
H	neme	neme.wav	0	0	0	
H	monu	monu.wav	0	0	0	
H	mimi	mimi.wav	0	0	0	
H	mene	mene.wav	0	0	0	
H	popi	popi.wav	1	1	0	
H	poti	poti.wav	1	1	0	
H	pute	pute.wav	1	1	0	
H	pipo	pipo.wav	1	1	0	
H	tepo	tepo.wav	1	1	0	
H	tetu	tetu.wav	1	1	0	
H	nome	nome.wav	1	1	0	
H	nune	nune.wav	1	1	0	
H	nemo	nemo.wav	1	1	0	
H	mumi	mumi.wav	1	1	0	
H	mimu	mimu.wav	1	1	0	
H	punu	punu.wav	1	0	1	
H	peni	peni.wav	1	0	1	
H	tono	tono.wav	1	0	1	
H	tomu	tomu.wav	1	0	1	
H	tumo	tumo.wav	1	0	1	
H	tine	tine.wav	1	0	1	
H	noto	noto.wav	1	0	1	
H	nite	nite.wav	1	0	1	
H	mopu	mopu.wav	1	0	1	
H	mutu	mutu.wav	1	0	1	
H	mepe	mepe.wav	1	0	1	
